Timestamp,Beta(deg),Alpha(deg),Depth_mm,PredDepth_mm,Speed_km/h,TargetDepth_mm,CmdHeight_mm,DepthError_mm,SoilHardness_MPa,SoilHardness_x_Depth
2026-05-20 18:45:52.395,0.709,-0.577,0.00,NaN,6.00,-1,-1,NaN,2.50,0.00
2026-05-20 18:45:53.399,0.709,-0.571,0.00,600.0,6.00,-1,-1,-600.0,2.50,0.00
2026-05-20 18:45:54.401,0.709,-0.577,0.00,600.0,6.00,-1,-1,-600.0,2.50,0.00
2026-05-20 18:45:55.402,0.714,-0.566,0.00,600.0,6.00,-1,-1,-600.0,2.50,0.00
2026-05-20 18:45:56.402,0.714,-0.566,0.00,600.0,6.00,-1,-1,-600.0,2.50,0.00
2026-05-20 18:45:57.403,0.714,-0.577,0.00,600.0,6.00,-1,-1,-600.0,2.50,0.00
2026-05-20 18:45:58.406,0.714,-0.582,0.00,600.0,6.00,-1,-1,-600.0,2.50,0.00
2026-05-20 18:45:59.407,0.714,-0.588,0.00,600.0,6.00,-1,-1,-600.0,2.50,0.00
2026-05-20 18:46:00.408,0.714,-0.593,0.00,0.0,6.00,-1,-1,0.0,2.50,0.00
2026-05-20 18:46:01.409,0.714,-0.593,0.00,0.0,6.00,-1,-1,0.0,2.50,0.00
2026-05-20 18:46:02.411,0.714,-0.593,0.00,0.0,6.00,-1,-1,0.0,2.50,0.00
2026-05-20 18:46:03.412,0.714,-0.593,0.00,0.0,6.00,-1,-1,0.0,2.50,0.00
2026-05-20 18:46:04.413,0.714,-0.593,0.00,0.0,6.00,-1,-1,0.0,2.50,0.00
2026-05-20 18:46:05.415,0.720,-0.593,0.00,0.1,6.00,-1,-1,-0.1,2.50,0.00
2026-05-20 18:46:06.416,0.720,-0.593,0.00,0.1,6.00,-1,-1,-0.1,2.50,0.00
2026-05-20 18:46:07.417,0.714,-0.593,0.00,0.1,6.00,-1,-1,-0.1,2.50,0.00
2026-05-20 18:46:08.418,0.720,-0.593,0.00,0.1,6.00,-1,-1,-0.1,2.50,0.00
2026-05-20 18:46:09.419,0.714,-0.588,0.00,0.1,6.00,-1,-1,-0.1,2.50,0.00
2026-05-20 18:46:10.421,0.714,-0.599,0.00,0.1,6.00,-1,-1,-0.1,2.50,0.00
2026-05-20 18:46:11.422,0.714,-0.593,0.00,0.1,6.00,-1,-1,-0.1,2.50,0.00
2026-05-20 18:46:12.423,0.714,-0.599,0.00,0.1,6.00,-1,-1,-0.1,2.50,0.00
2026-05-20 18:46:13.423,0.714,-0.593,0.00,0.1,6.00,-1,-1,-0.1,2.50,0.00
2026-05-20 18:46:14.424,0.714,-0.588,0.00,0.1,6.00,-1,-1,-0.1,2.50,0.00
2026-05-20 18:46:15.424,0.714,-0.582,0.00,0.1,6.00,-1,-1,-0.1,2.50,0.00
2026-05-20 18:46:16.425,0.714,-0.577,0.00,0.1,6.00,-1,-1,-0.1,2.50,0.00
2026-05-20 18:46:17.426,0.714,-0.577,0.00,0.1,6.00,-1,-1,-0.1,2.50,0.00
2026-05-20 18:46:18.426,0.714,-0.571,0.00,0.1,6.00,-1,-1,-0.1,2.50,0.00
2026-05-20 18:46:19.427,0.714,-0.577,0.00,0.1,6.00,-1,-1,-0.1,2.50,0.00
2026-05-20 18:46:20.427,0.714,-0.577,0.00,0.1,6.00,-1,-1,-0.1,2.50,0.00
2026-05-20 18:46:21.428,0.714,-0.577,0.00,0.1,6.00,-1,-1,-0.1,2.50,0.00
2026-05-20 18:46:22.429,0.720,-0.577,0.00,0.1,6.00,-1,-1,-0.1,2.50,0.00
2026-05-20 18:46:23.430,0.714,-0.571,0.00,0.1,6.00,-1,-1,-0.1,2.50,0.00
2026-05-20 18:46:24.431,0.720,-0.571,0.00,0.1,6.00,-1,-1,-0.1,2.50,0.00
2026-05-20 18:46:25.433,0.714,-0.571,0.00,0.1,6.00,-1,-1,-0.1,2.50,0.00
2026-05-20 18:46:26.434,0.714,-0.571,0.00,0.1,6.00,-1,-1,-0.1,2.50,0.00
2026-05-20 18:46:27.434,0.714,-0.571,0.00,0.1,6.00,-1,-1,-0.1,2.50,0.00
2026-05-20 18:46:28.434,0.714,-0.571,0.00,0.1,6.00,-1,-1,-0.1,2.50,0.00
2026-05-20 18:46:29.435,0.714,-0.571,0.00,0.1,6.00,-1,-1,-0.1,2.50,0.00
2026-05-20 18:46:30.436,0.714,-0.571,0.00,0.1,6.00,-1,-1,-0.1,2.50,0.00
2026-05-20 18:46:31.437,0.714,-0.571,0.00,0.1,6.00,-1,-1,-0.1,2.50,0.00
2026-05-20 18:46:32.439,0.714,-0.577,0.00,0.1,6.00,-1,-1,-0.1,2.50,0.00
2026-05-20 18:46:33.439,0.714,-0.577,0.00,0.1,6.00,-1,-1,-0.1,2.50,0.00
2026-05-20 18:46:34.441,0.714,-0.582,0.00,0.1,6.00,-1,-1,-0.1,2.50,0.00
2026-05-20 18:46:35.441,0.714,-0.582,0.00,0.1,6.00,-1,-1,-0.1,2.50,0.00
2026-05-20 18:46:36.442,0.714,-0.588,0.00,0.1,6.00,-1,-1,-0.1,2.50,0.00
2026-05-20 18:46:37.443,0.714,-0.588,0.00,0.1,6.00,-1,-1,-0.1,2.50,0.00
2026-05-20 18:46:38.444,0.714,-0.588,0.00,0.1,6.00,-1,-1,-0.1,2.50,0.00
2026-05-20 18:46:39.446,0.714,-0.588,0.00,0.1,6.00,-1,-1,-0.1,2.50,0.00
2026-05-20 18:46:40.446,0.714,-0.588,0.00,0.1,6.00,-1,-1,-0.1,2.50,0.00
2026-05-20 18:46:41.447,0.714,-0.588,0.00,0.1,6.00,-1,-1,-0.1,2.50,0.00
2026-05-20 18:46:42.448,0.714,-0.593,0.00,0.1,6.00,-1,-1,-0.1,2.50,0.00
2026-05-20 18:46:43.449,0.714,-0.593,0.00,0.1,6.00,-1,-1,-0.1,2.50,0.00
2026-05-20 18:46:44.449,0.720,-0.593,0.00,0.1,6.00,-1,-1,-0.1,2.50,0.00
2026-05-20 18:46:45.450,0.720,-0.593,0.00,0.1,6.00,-1,-1,-0.1,2.50,0.00
2026-05-20 18:46:46.451,0.714,-0.593,0.00,0.1,6.00,-1,-1,-0.1,2.50,0.00
2026-05-20 18:46:47.452,0.720,-0.593,0.00,0.1,6.00,-1,-1,-0.1,2.50,0.00
2026-05-20 18:46:48.452,0.720,-0.593,0.00,0.1,6.00,-1,-1,-0.1,2.50,0.00
2026-05-20 18:46:49.454,0.720,-0.593,0.00,0.1,6.00,-1,-1,-0.1,2.50,0.00
2026-05-20 18:46:50.454,0.720,-0.593,0.00,0.1,6.00,-1,-1,-0.1,2.50,0.00
2026-05-20 18:46:51.455,0.720,-0.593,0.00,0.1,6.00,-1,-1,-0.1,2.50,0.00
2026-05-20 18:46:52.456,0.714,-0.593,0.00,0.1,6.00,-1,-1,-0.1,2.50,0.00
2026-05-20 18:46:53.457,0.720,-0.593,0.00,0.1,6.00,-1,-1,-0.1,2.50,0.00
2026-05-20 18:46:54.458,0.720,-0.593,0.00,0.1,6.00,-1,-1,-0.1,2.50,0.00
2026-05-20 18:46:55.458,0.720,-0.593,0.00,0.1,6.00,-1,-1,-0.1,2.50,0.00
2026-05-20 18:46:56.459,0.714,-0.588,0.00,0.1,6.00,-1,-1,-0.1,2.50,0.00
2026-05-20 18:46:57.461,0.714,-0.582,0.00,0.1,6.00,-1,-1,-0.1,2.50,0.00
2026-05-20 18:46:58.461,0.714,-0.582,0.00,0.1,6.00,-1,-1,-0.1,2.50,0.00
2026-05-20 18:46:59.462,0.714,-0.588,0.00,0.1,6.00,-1,-1,-0.1,2.50,0.00
2026-05-20 18:47:00.463,0.709,-0.588,0.00,0.1,6.00,-1,-1,-0.1,2.50,0.00
2026-05-20 18:47:01.464,0.709,-0.593,0.00,0.1,6.00,-1,-1,-0.1,2.50,0.00
2026-05-20 18:47:02.465,0.709,-0.588,0.00,0.1,6.00,-1,-1,-0.1,2.50,0.00
2026-05-20 18:47:03.466,0.709,-0.588,0.00,0.1,6.00,-1,-1,-0.1,2.50,0.00
2026-05-20 18:47:04.467,0.714,-0.582,0.00,0.1,6.00,-1,-1,-0.1,2.50,0.00
2026-05-20 18:47:05.468,0.709,-0.582,0.00,0.1,6.00,-1,-1,-0.1,2.50,0.00
2026-05-20 18:47:06.469,0.714,-0.577,0.00,0.1,6.00,-1,-1,-0.1,2.50,0.00
2026-05-20 18:47:07.470,0.714,-0.577,0.00,0.1,6.00,-1,-1,-0.1,2.50,0.00
2026-05-20 18:47:08.471,0.714,-0.582,0.00,0.1,6.00,-1,-1,-0.1,2.50,0.00
2026-05-20 18:47:09.472,0.714,-0.582,0.00,0.1,6.00,-1,-1,-0.1,2.50,0.00
2026-05-20 18:47:10.473,0.709,-0.582,0.00,0.1,6.00,-1,-1,-0.1,2.50,0.00
2026-05-20 18:47:11.474,0.709,-0.566,0.00,0.1,6.00,-1,-1,-0.1,2.50,0.00
2026-05-20 18:47:12.475,0.709,-0.555,0.00,0.1,6.00,-1,-1,-0.1,2.50,0.00
2026-05-20 18:47:13.476,0.714,-0.566,0.00,0.1,6.00,-1,-1,-0.1,2.50,0.00
2026-05-20 18:47:14.477,0.714,-0.588,0.00,0.1,6.00,-1,-1,-0.1,2.50,0.00
2026-05-20 18:47:15.478,0.714,-0.588,0.00,0.1,6.00,-1,-1,-0.1,2.50,0.00
2026-05-20 18:47:16.478,0.714,-0.588,0.00,0.1,6.00,-1,-1,-0.1,2.50,0.00
2026-05-20 18:47:17.479,0.714,-0.588,0.00,0.1,6.00,-1,-1,-0.1,2.50,0.00
2026-05-20 18:47:18.481,0.714,-0.593,0.00,0.1,6.00,-1,-1,-0.1,2.50,0.00
2026-05-20 18:47:19.482,0.714,-0.593,0.00,0.1,6.00,-1,-1,-0.1,2.50,0.00
2026-05-20 18:47:20.482,0.714,-0.588,0.00,0.1,6.00,-1,-1,-0.1,2.50,0.00
2026-05-20 18:47:21.483,0.714,-0.593,0.00,0.1,6.00,-1,-1,-0.1,2.50,0.00
2026-05-20 18:47:22.484,0.714,-0.593,0.00,0.1,6.00,-1,-1,-0.1,2.50,0.00
2026-05-20 18:47:23.485,0.714,-0.599,0.00,0.1,6.00,-1,-1,-0.1,2.50,0.00
2026-05-20 18:47:24.486,0.714,-0.593,0.00,0.1,6.00,-1,-1,-0.1,2.50,0.00
2026-05-20 18:47:25.487,0.714,-0.599,0.00,0.1,6.00,-1,-1,-0.1,2.50,0.00
2026-05-20 18:47:26.488,0.714,-0.593,0.00,0.1,6.00,-1,-1,-0.1,2.50,0.00
2026-05-20 18:47:27.489,0.714,-0.599,0.00,0.1,6.00,-1,-1,-0.1,2.50,0.00
2026-05-20 18:47:28.490,0.714,-0.599,0.00,0.1,6.00,-1,-1,-0.1,2.50,0.00
2026-05-20 18:47:29.490,0.714,-0.599,0.00,0.1,6.00,-1,-1,-0.1,2.50,0.00
2026-05-20 18:47:30.491,0.709,-0.588,0.00,0.1,6.00,-1,-1,-0.1,2.50,0.00
2026-05-20 18:47:31.492,0.714,-0.599,0.00,0.1,6.00,-1,-1,-0.1,2.50,0.00
2026-05-20 18:47:32.493,0.714,-0.593,0.00,0.1,6.00,-1,-1,-0.1,2.50,0.00
2026-05-20 18:47:33.494,0.714,-0.588,0.00,0.1,6.00,-1,-1,-0.1,2.50,0.00
2026-05-20 18:47:34.496,0.714,-0.588,0.00,0.1,6.00,-1,-1,-0.1,2.50,0.00
2026-05-20 18:47:35.497,0.714,-0.577,0.00,0.1,6.00,-1,-1,-0.1,2.50,0.00
2026-05-20 18:47:36.498,0.714,-0.560,0.00,0.1,6.00,-1,-1,-0.1,2.50,0.00
2026-05-20 18:47:37.499,0.714,-0.555,0.00,0.1,6.00,-1,-1,-0.1,2.50,0.00
2026-05-20 18:47:38.499,0.714,-0.549,0.00,0.1,6.00,-1,-1,-0.1,2.50,0.00
2026-05-20 18:47:39.500,0.714,-0.549,0.00,0.1,6.00,-1,-1,-0.1,2.50,0.00
2026-05-20 18:47:40.501,0.714,-0.549,0.00,0.1,6.00,-1,-1,-0.1,2.50,0.00
2026-05-20 18:47:41.502,0.714,-0.544,0.00,0.1,6.00,-1,-1,-0.1,2.50,0.00
2026-05-20 18:47:42.503,0.714,-0.544,0.00,0.1,6.00,-1,-1,-0.1,2.50,0.00
2026-05-20 18:47:43.504,0.703,-0.538,0.00,0.1,6.00,-1,-1,-0.1,2.50,0.00
2026-05-20 18:47:44.505,0.709,-0.538,0.00,0.1,6.00,-1,-1,-0.1,2.50,0.00
2026-05-20 18:47:45.506,0.709,-0.544,0.00,0.1,6.00,-1,-1,-0.1,2.50,0.00
2026-05-20 18:47:46.506,0.714,-0.566,0.00,0.1,6.00,-1,-1,-0.1,2.50,0.00
2026-05-20 18:47:47.508,0.714,-0.560,0.00,0.1,6.00,-1,-1,-0.1,2.50,0.00
2026-05-20 18:47:48.509,0.714,-0.571,0.00,0.1,6.00,-1,-1,-0.1,2.50,0.00
2026-05-20 18:47:49.509,0.714,-0.582,0.00,0.1,6.00,-1,-1,-0.1,2.50,0.00
2026-05-20 18:47:50.511,0.714,-0.588,0.00,0.1,6.00,-1,-1,-0.1,2.50,0.00
2026-05-20 18:47:51.511,0.714,-0.588,0.00,0.1,6.00,-1,-1,-0.1,2.50,0.00
2026-05-20 18:47:52.512,0.714,-0.588,0.00,0.1,6.00,-1,-1,-0.1,2.50,0.00
2026-05-20 18:47:53.513,0.714,-0.588,0.00,0.1,6.00,-1,-1,-0.1,2.50,0.00
2026-05-20 18:47:54.514,0.714,-0.588,0.00,0.1,6.00,-1,-1,-0.1,2.50,0.00
2026-05-20 18:47:55.515,0.714,-0.588,0.00,0.1,6.00,-1,-1,-0.1,2.50,0.00
2026-05-20 18:47:56.516,0.714,-0.588,0.00,0.1,6.00,-1,-1,-0.1,2.50,0.00
2026-05-20 18:47:57.517,0.714,-0.588,0.00,0.1,6.00,-1,-1,-0.1,2.50,0.00
2026-05-20 18:47:58.517,0.714,-0.588,0.00,0.1,6.00,-1,-1,-0.1,2.50,0.00
2026-05-20 18:47:59.518,0.714,-0.588,0.00,0.1,6.00,-1,-1,-0.1,2.50,0.00
2026-05-20 18:48:00.519,0.714,-0.588,0.00,0.1,6.00,-1,-1,-0.1,2.50,0.00
2026-05-20 18:48:01.520,0.714,-0.588,0.00,0.1,6.00,-1,-1,-0.1,2.50,0.00
2026-05-20 18:48:02.520,0.714,-0.588,0.00,0.1,6.00,-1,-1,-0.1,2.50,0.00
2026-05-20 18:48:03.522,0.714,-0.588,0.00,0.1,6.00,-1,-1,-0.1,2.50,0.00
2026-05-20 18:48:04.523,0.714,-0.588,0.00,0.1,6.00,-1,-1,-0.1,2.50,0.00
2026-05-20 18:48:05.524,0.714,-0.588,0.00,0.1,6.00,-1,-1,-0.1,2.50,0.00
2026-05-20 18:48:06.525,0.714,-0.588,0.00,0.1,6.00,-1,-1,-0.1,2.50,0.00
2026-05-20 18:48:07.526,0.714,-0.588,0.00,0.1,6.00,-1,-1,-0.1,2.50,0.00
2026-05-20 18:48:08.527,0.714,-0.588,0.00,0.1,6.00,-1,-1,-0.1,2.50,0.00
2026-05-20 18:48:09.528,0.714,-0.588,0.00,0.1,6.00,-1,-1,-0.1,2.50,0.00
2026-05-20 18:48:10.528,0.714,-0.588,0.00,0.1,6.00,-1,-1,-0.1,2.50,0.00
2026-05-20 18:48:11.529,0.714,-0.588,0.00,0.1,6.00,-1,-1,-0.1,2.50,0.00
2026-05-20 18:48:12.530,0.714,-0.588,0.00,0.1,6.00,-1,-1,-0.1,2.50,0.00
2026-05-20 18:48:13.531,0.714,-0.588,0.00,0.1,6.00,-1,-1,-0.1,2.50,0.00
2026-05-20 18:48:14.532,0.714,-0.588,0.00,0.1,6.00,-1,-1,-0.1,2.50,0.00
2026-05-20 18:48:15.533,0.714,-0.588,0.00,0.1,6.00,-1,-1,-0.1,2.50,0.00
2026-05-20 18:48:16.534,0.714,-0.588,0.00,0.1,6.00,-1,-1,-0.1,2.50,0.00
2026-05-20 18:48:17.535,0.714,-0.588,0.00,0.1,6.00,-1,-1,-0.1,2.50,0.00
2026-05-20 18:48:18.536,0.714,-0.588,0.00,0.1,6.00,-1,-1,-0.1,2.50,0.00
2026-05-20 18:48:19.537,0.714,-0.588,0.00,0.1,6.00,-1,-1,-0.1,2.50,0.00
2026-05-20 18:48:20.538,0.714,-0.588,0.00,0.1,6.00,-1,-1,-0.1,2.50,0.00
2026-05-20 18:48:21.539,0.714,-0.588,0.00,0.1,6.00,-1,-1,-0.1,2.50,0.00
2026-05-20 18:48:22.540,0.714,-0.588,0.00,0.1,6.00,-1,-1,-0.1,2.50,0.00
2026-05-20 18:48:23.541,0.714,-0.588,0.00,0.1,6.00,-1,-1,-0.1,2.50,0.00
2026-05-20 18:48:24.542,0.714,-0.588,0.00,0.1,6.00,-1,-1,-0.1,2.50,0.00
2026-05-20 18:48:25.543,0.714,-0.588,0.00,0.1,6.00,-1,-1,-0.1,2.50,0.00
2026-05-20 18:48:26.544,0.714,-0.593,0.00,0.1,6.00,-1,-1,-0.1,2.50,0.00
2026-05-20 18:48:27.545,0.714,-0.593,0.00,0.1,6.00,-1,-1,-0.1,2.50,0.00
2026-05-20 18:48:28.546,0.709,-0.593,0.00,0.1,6.00,-1,-1,-0.1,2.50,0.00
2026-05-20 18:48:29.547,0.714,-0.599,0.00,0.1,6.00,-1,-1,-0.1,2.50,0.00
2026-05-20 18:48:30.548,0.714,-0.599,0.00,0.1,6.00,-1,-1,-0.1,2.50,0.00
2026-05-20 18:48:31.549,0.714,-0.593,0.00,0.1,6.00,-1,-1,-0.1,2.50,0.00
2026-05-20 18:48:32.550,0.714,-0.593,0.00,0.1,6.00,-1,-1,-0.1,2.50,0.00
2026-05-20 18:48:33.551,0.714,-0.593,0.00,0.1,6.00,-1,-1,-0.1,2.50,0.00
2026-05-20 18:48:34.552,0.714,-0.593,0.00,0.1,6.00,-1,-1,-0.1,2.50,0.00
2026-05-20 18:48:35.553,0.714,-0.593,0.00,0.1,6.00,-1,-1,-0.1,2.50,0.00
2026-05-20 18:48:36.554,0.714,-0.593,0.00,0.1,6.00,-1,-1,-0.1,2.50,0.00
2026-05-20 18:48:37.555,0.714,-0.588,0.00,0.1,6.00,-1,-1,-0.1,2.50,0.00
2026-05-20 18:48:38.556,0.714,-0.588,0.00,0.1,6.00,-1,-1,-0.1,2.50,0.00
2026-05-20 18:48:39.557,0.720,-0.593,0.00,0.1,6.00,-1,-1,-0.1,2.50,0.00
2026-05-20 18:48:40.558,0.714,-0.593,0.00,0.1,6.00,-1,-1,-0.1,2.50,0.00
2026-05-20 18:48:41.558,0.714,-0.593,0.00,0.1,6.00,-1,-1,-0.1,2.50,0.00
2026-05-20 18:48:42.559,0.714,-0.588,0.00,0.1,6.00,-1,-1,-0.1,2.50,0.00
2026-05-20 18:48:43.559,0.714,-0.588,0.00,0.1,6.00,-1,-1,-0.1,2.50,0.00
2026-05-20 18:48:44.560,0.714,-0.588,0.00,0.1,6.00,-1,-1,-0.1,2.50,0.00
2026-05-20 18:48:45.561,0.714,-0.588,0.00,0.1,6.00,-1,-1,-0.1,2.50,0.00
2026-05-20 18:48:46.562,0.709,-0.588,0.00,0.1,6.00,-1,-1,-0.1,2.50,0.00
2026-05-20 18:48:47.564,0.709,-0.588,0.00,0.1,6.00,-1,-1,-0.1,2.50,0.00
2026-05-20 18:48:48.565,0.709,-0.588,0.00,0.1,6.00,-1,-1,-0.1,2.50,0.00
2026-05-20 18:48:49.566,0.714,-0.588,0.00,0.1,6.00,-1,-1,-0.1,2.50,0.00
2026-05-20 18:48:50.568,0.714,-0.588,0.00,0.1,6.00,-1,-1,-0.1,2.50,0.00
2026-05-20 18:48:51.569,0.709,-0.588,0.00,0.1,6.00,-1,-1,-0.1,2.50,0.00
2026-05-20 18:48:52.570,0.714,-0.588,0.00,0.1,6.00,-1,-1,-0.1,2.50,0.00
2026-05-20 18:48:53.571,0.714,-0.588,0.00,0.1,6.00,-1,-1,-0.1,2.50,0.00
2026-05-20 18:48:54.572,0.714,-0.582,0.00,0.1,6.00,-1,-1,-0.1,2.50,0.00
2026-05-20 18:48:55.573,0.714,-0.577,0.00,0.1,6.00,-1,-1,-0.1,2.50,0.00
2026-05-20 18:48:56.573,0.709,-0.577,0.00,0.1,6.00,-1,-1,-0.1,2.50,0.00
2026-05-20 18:48:57.575,0.714,-0.577,0.00,0.1,6.00,-1,-1,-0.1,2.50,0.00
2026-05-20 18:48:58.576,0.714,-0.582,0.00,0.1,6.00,-1,-1,-0.1,2.50,0.00
2026-05-20 18:48:59.576,0.714,-0.582,0.00,0.1,6.00,-1,-1,-0.1,2.50,0.00
2026-05-20 18:49:00.577,0.714,-0.582,0.00,0.1,6.00,-1,-1,-0.1,2.50,0.00
2026-05-20 18:49:01.577,0.714,-0.582,0.00,0.1,6.00,-1,-1,-0.1,2.50,0.00
2026-05-20 18:49:02.578,0.714,-0.588,0.00,0.1,6.00,-1,-1,-0.1,2.50,0.00
2026-05-20 18:49:03.579,0.714,-0.588,0.00,0.1,6.00,-1,-1,-0.1,2.50,0.00
2026-05-20 18:49:04.581,0.714,-0.588,0.00,0.1,6.00,-1,-1,-0.1,2.50,0.00
2026-05-20 18:49:05.581,0.714,-0.588,0.00,0.1,6.00,-1,-1,-0.1,2.50,0.00
2026-05-20 18:49:06.582,0.714,-0.588,0.00,0.1,6.00,-1,-1,-0.1,2.50,0.00
2026-05-20 18:49:07.582,0.714,-0.588,0.00,0.1,6.00,-1,-1,-0.1,2.50,0.00
2026-05-20 18:49:08.584,0.714,-0.588,0.00,0.1,6.00,-1,-1,-0.1,2.50,0.00
2026-05-20 18:49:09.585,0.714,-0.588,0.00,0.1,6.00,-1,-1,-0.1,2.50,0.00
2026-05-20 18:49:10.585,0.714,-0.588,0.00,0.1,6.00,-1,-1,-0.1,2.50,0.00
2026-05-20 18:49:11.586,0.714,-0.588,0.00,0.1,6.00,-1,-1,-0.1,2.50,0.00
2026-05-20 18:49:12.588,0.714,-0.599,0.00,0.1,6.00,-1,-1,-0.1,2.50,0.00
2026-05-20 18:49:13.589,0.714,-0.604,0.00,0.1,6.00,-1,-1,-0.1,2.50,0.00
2026-05-20 18:49:14.590,0.714,-0.599,0.00,0.1,6.00,-1,-1,-0.1,2.50,0.00
2026-05-20 18:49:15.591,0.714,-0.604,0.00,0.1,6.00,-1,-1,-0.1,2.50,0.00
2026-05-20 18:49:16.592,0.714,-0.593,0.00,0.1,6.00,-1,-1,-0.1,2.50,0.00
2026-05-20 18:49:17.593,0.714,-0.593,0.00,0.1,6.00,-1,-1,-0.1,2.50,0.00
2026-05-20 18:49:18.593,0.714,-0.593,0.00,0.1,6.00,-1,-1,-0.1,2.50,0.00
2026-05-20 18:49:19.594,0.714,-0.588,0.00,0.1,6.00,-1,-1,-0.1,2.50,0.00
2026-05-20 18:49:20.595,0.714,-0.588,0.00,0.1,6.00,-1,-1,-0.1,2.50,0.00
2026-05-20 18:49:21.596,0.714,-0.588,0.00,0.1,6.00,-1,-1,-0.1,2.50,0.00
2026-05-20 18:49:22.596,0.709,-0.588,0.00,0.1,6.00,-1,-1,-0.1,2.50,0.00
2026-05-20 18:49:23.597,0.709,-0.588,0.00,0.1,6.00,-1,-1,-0.1,2.50,0.00
2026-05-20 18:49:24.598,0.714,-0.588,0.00,0.1,6.00,-1,-1,-0.1,2.50,0.00
2026-05-20 18:49:25.598,0.709,-0.588,0.00,0.1,6.00,-1,-1,-0.1,2.50,0.00
2026-05-20 18:49:26.599,0.714,-0.588,0.00,0.1,6.00,-1,-1,-0.1,2.50,0.00
2026-05-20 18:49:27.600,0.714,-0.588,0.00,0.1,6.00,-1,-1,-0.1,2.50,0.00
2026-05-20 18:49:28.601,0.714,-0.588,0.00,0.1,6.00,-1,-1,-0.1,2.50,0.00
2026-05-20 18:49:29.601,0.714,-0.588,0.00,0.1,6.00,-1,-1,-0.1,2.50,0.00
2026-05-20 18:49:30.602,0.714,-0.588,0.00,0.1,6.00,-1,-1,-0.1,2.50,0.00
2026-05-20 18:49:31.603,0.714,-0.588,0.00,0.1,6.00,-1,-1,-0.1,2.50,0.00
2026-05-20 18:49:32.604,0.709,-0.588,0.00,0.1,6.00,-1,-1,-0.1,2.50,0.00
2026-05-20 18:49:33.604,0.709,-0.588,0.00,0.1,6.00,-1,-1,-0.1,2.50,0.00
2026-05-20 18:49:34.606,0.709,-0.582,0.00,0.1,6.00,-1,-1,-0.1,2.50,0.00
2026-05-20 18:49:35.607,0.714,-0.582,0.00,0.1,6.00,-1,-1,-0.1,2.50,0.00
2026-05-20 18:49:36.608,0.714,-0.582,0.00,0.1,6.00,-1,-1,-0.1,2.50,0.00
2026-05-20 18:49:37.609,0.714,-0.588,0.00,0.1,6.00,-1,-1,-0.1,2.50,0.00
2026-05-20 18:49:38.609,0.714,-0.588,0.00,0.1,6.00,-1,-1,-0.1,2.50,0.00
2026-05-20 18:49:39.610,0.709,-0.588,0.00,0.1,6.00,-1,-1,-0.1,2.50,0.00
2026-05-20 18:49:40.611,0.709,-0.588,0.00,0.1,6.00,-1,-1,-0.1,2.50,0.00
2026-05-20 18:49:41.612,0.709,-0.593,0.00,0.1,6.00,-1,-1,-0.1,2.50,0.00
2026-05-20 18:49:42.612,0.709,-0.593,0.00,0.1,6.00,-1,-1,-0.1,2.50,0.00
2026-05-20 18:49:43.613,0.709,-0.593,0.00,0.1,6.00,-1,-1,-0.1,2.50,0.00
2026-05-20 18:49:44.614,0.709,-0.593,0.00,0.1,6.00,-1,-1,-0.1,2.50,0.00
2026-05-20 18:49:45.615,0.709,-0.593,0.00,0.1,6.00,-1,-1,-0.1,2.50,0.00
2026-05-20 18:49:46.616,0.709,-0.593,0.00,0.1,6.00,-1,-1,-0.1,2.50,0.00
2026-05-20 18:49:47.617,0.714,-0.588,0.00,0.1,6.00,-1,-1,-0.1,2.50,0.00
2026-05-20 18:49:48.617,0.714,-0.588,0.00,0.1,6.00,-1,-1,-0.1,2.50,0.00
2026-05-20 18:49:49.618,0.709,-0.588,0.00,0.1,6.00,-1,-1,-0.1,2.50,0.00
2026-05-20 18:49:50.619,0.714,-0.588,0.00,0.1,6.00,-1,-1,-0.1,2.50,0.00
2026-05-20 18:49:51.621,0.714,-0.588,0.00,0.1,6.00,-1,-1,-0.1,2.50,0.00
2026-05-20 18:49:52.622,0.714,-0.588,0.00,0.1,6.00,-1,-1,-0.1,2.50,0.00
2026-05-20 18:49:53.623,0.714,-0.593,0.00,0.1,6.00,-1,-1,-0.1,2.50,0.00
2026-05-20 18:49:54.624,0.714,-0.588,0.00,0.1,6.00,-1,-1,-0.1,2.50,0.00
2026-05-20 18:49:55.624,0.714,-0.593,0.00,0.1,6.00,-1,-1,-0.1,2.50,0.00
2026-05-20 18:49:56.625,0.714,-0.588,0.00,0.1,6.00,-1,-1,-0.1,2.50,0.00
2026-05-20 18:49:57.627,0.714,-0.588,0.00,0.1,6.00,-1,-1,-0.1,2.50,0.00
2026-05-20 18:49:58.628,0.714,-0.593,0.00,0.1,6.00,-1,-1,-0.1,2.50,0.00
2026-05-20 18:49:59.629,0.714,-0.582,0.00,0.1,6.00,-1,-1,-0.1,2.50,0.00
2026-05-20 18:50:00.630,0.714,-0.582,0.00,0.1,6.00,-1,-1,-0.1,2.50,0.00
2026-05-20 18:50:01.631,0.709,-0.577,0.00,0.1,6.00,-1,-1,-0.1,2.50,0.00
2026-05-20 18:50:02.632,0.709,-0.571,0.00,0.1,6.00,-1,-1,-0.1,2.50,0.00
2026-05-20 18:50:03.633,0.709,-0.566,0.00,0.1,6.00,-1,-1,-0.1,2.50,0.00
2026-05-20 18:50:04.634,0.709,-0.577,0.00,0.1,6.00,-1,-1,-0.1,2.50,0.00
2026-05-20 18:50:05.634,0.714,-0.582,0.00,0.1,6.00,-1,-1,-0.1,2.50,0.00
2026-05-20 18:50:06.635,0.709,-0.582,0.00,0.1,6.00,-1,-1,-0.1,2.50,0.00
2026-05-20 18:50:07.636,0.709,-0.588,0.00,0.1,6.00,-1,-1,-0.1,2.50,0.00
2026-05-20 18:50:08.637,0.714,-0.593,0.00,0.1,6.00,-1,-1,-0.1,2.50,0.00
2026-05-20 18:50:09.638,0.714,-0.593,0.00,0.1,6.00,-1,-1,-0.1,2.50,0.00
2026-05-20 18:50:10.638,0.714,-0.593,0.00,0.1,6.00,-1,-1,-0.1,2.50,0.00
2026-05-20 18:50:11.639,0.709,-0.593,0.00,0.1,6.00,-1,-1,-0.1,2.50,0.00
2026-05-20 18:50:12.640,0.714,-0.588,0.00,0.1,6.00,-1,-1,-0.1,2.50,0.00
2026-05-20 18:50:13.641,0.714,-0.588,0.00,0.1,6.00,-1,-1,-0.1,2.50,0.00
2026-05-20 18:50:14.642,0.714,-0.588,0.00,0.1,6.00,-1,-1,-0.1,2.50,0.00
2026-05-20 18:50:15.642,0.714,-0.588,0.00,0.1,6.00,-1,-1,-0.1,2.50,0.00
2026-05-20 18:50:16.644,0.714,-0.588,0.00,0.1,6.00,-1,-1,-0.1,2.50,0.00
2026-05-20 18:50:17.645,0.714,-0.593,0.00,0.1,6.00,-1,-1,-0.1,2.50,0.00
2026-05-20 18:50:18.646,0.714,-0.593,0.00,0.1,6.00,-1,-1,-0.1,2.50,0.00
2026-05-20 18:50:19.647,0.714,-0.588,0.00,0.1,6.00,-1,-1,-0.1,2.50,0.00
2026-05-20 18:50:20.648,0.714,-0.593,0.00,0.1,6.00,-1,-1,-0.1,2.50,0.00
2026-05-20 18:50:21.649,0.714,-0.588,0.00,0.1,6.00,-1,-1,-0.1,2.50,0.00
2026-05-20 18:50:22.650,0.714,-0.593,0.00,0.1,6.00,-1,-1,-0.1,2.50,0.00
2026-05-20 18:50:23.651,0.714,-0.593,0.00,0.1,6.00,-1,-1,-0.1,2.50,0.00
2026-05-20 18:50:24.652,0.714,-0.593,0.00,0.1,6.00,-1,-1,-0.1,2.50,0.00
2026-05-20 18:50:25.653,0.714,-0.588,0.00,0.1,6.00,-1,-1,-0.1,2.50,0.00
2026-05-20 18:50:26.654,0.714,-0.588,0.00,0.1,6.00,-1,-1,-0.1,2.50,0.00
2026-05-20 18:50:27.656,0.714,-0.588,0.00,0.1,6.00,-1,-1,-0.1,2.50,0.00
2026-05-20 18:50:28.657,0.714,-0.588,0.00,0.1,6.00,-1,-1,-0.1,2.50,0.00
2026-05-20 18:50:29.658,0.714,-0.593,0.00,0.1,6.00,-1,-1,-0.1,2.50,0.00
2026-05-20 18:50:30.659,0.714,-0.588,0.00,0.1,6.00,-1,-1,-0.1,2.50,0.00
2026-05-20 18:50:31.661,0.714,-0.588,0.00,0.1,6.00,-1,-1,-0.1,2.50,0.00
2026-05-20 18:50:32.662,0.714,-0.593,0.00,0.1,6.00,-1,-1,-0.1,2.50,0.00
2026-05-20 18:50:33.663,0.709,-0.582,0.00,0.1,6.00,-1,-1,-0.1,2.50,0.00
2026-05-20 18:50:34.664,0.709,-0.566,0.00,0.1,6.00,-1,-1,-0.1,2.50,0.00
2026-05-20 18:50:35.665,0.709,-0.566,0.00,0.1,6.00,-1,-1,-0.1,2.50,0.00
2026-05-20 18:50:36.667,0.703,-0.571,0.00,0.1,6.00,-1,-1,-0.1,2.50,0.00
2026-05-20 18:50:37.667,0.709,-0.571,0.00,0.1,6.00,-1,-1,-0.1,2.50,0.00
2026-05-20 18:50:38.669,0.709,-0.571,0.00,0.1,6.00,-1,-1,-0.1,2.50,0.00
2026-05-20 18:50:39.670,0.709,-0.577,0.00,0.1,6.00,-1,-1,-0.1,2.50,0.00
2026-05-20 18:50:40.671,0.709,-0.577,0.00,0.1,6.00,-1,-1,-0.1,2.50,0.00
2026-05-20 18:50:41.672,0.709,-0.577,0.00,0.1,6.00,-1,-1,-0.1,2.50,0.00
2026-05-20 18:50:42.674,0.714,-0.577,0.00,0.1,6.00,-1,-1,-0.1,2.50,0.00
2026-05-20 18:50:43.675,0.714,-0.582,0.00,0.1,6.00,-1,-1,-0.1,2.50,0.00
2026-05-20 18:50:44.675,0.714,-0.588,0.00,0.1,6.00,-1,-1,-0.1,2.50,0.00
2026-05-20 18:50:45.676,0.714,-0.588,0.00,0.1,6.00,-1,-1,-0.1,2.50,0.00
2026-05-20 18:50:46.677,0.714,-0.588,0.00,0.1,6.00,-1,-1,-0.1,2.50,0.00
2026-05-20 18:50:47.678,0.709,-0.588,0.00,0.1,6.00,-1,-1,-0.1,2.50,0.00
2026-05-20 18:50:48.678,0.709,-0.588,0.00,0.1,6.00,-1,-1,-0.1,2.50,0.00
2026-05-20 18:50:49.679,0.709,-0.588,0.00,0.1,6.00,-1,-1,-0.1,2.50,0.00
2026-05-20 18:50:50.680,0.709,-0.588,0.00,0.1,6.00,-1,-1,-0.1,2.50,0.00
2026-05-20 18:50:51.681,0.709,-0.571,0.00,0.1,6.00,-1,-1,-0.1,2.50,0.00
2026-05-20 18:50:52.682,0.709,-0.571,0.00,0.1,6.00,-1,-1,-0.1,2.50,0.00
2026-05-20 18:50:53.683,0.709,-0.571,0.00,0.1,6.00,-1,-1,-0.1,2.50,0.00
2026-05-20 18:50:54.683,0.709,-0.577,0.00,0.1,6.00,-1,-1,-0.1,2.50,0.00
2026-05-20 18:50:55.685,0.709,-0.571,0.00,0.1,6.00,-1,-1,-0.1,2.50,0.00
2026-05-20 18:50:56.686,0.709,-0.571,0.00,0.1,6.00,-1,-1,-0.1,2.50,0.00
2026-05-20 18:50:57.686,0.709,-0.571,0.00,0.1,6.00,-1,-1,-0.1,2.50,0.00
2026-05-20 18:50:58.688,0.709,-0.571,0.00,0.1,6.00,-1,-1,-0.1,2.50,0.00
2026-05-20 18:50:59.689,0.714,-0.582,0.00,0.1,6.00,-1,-1,-0.1,2.50,0.00
2026-05-20 18:51:00.691,0.714,-0.582,0.00,0.1,6.00,-1,-1,-0.1,2.50,0.00
2026-05-20 18:51:01.692,0.714,-0.588,0.00,0.1,6.00,-1,-1,-0.1,2.50,0.00
2026-05-20 18:51:02.693,0.709,-0.582,0.00,0.1,6.00,-1,-1,-0.1,2.50,0.00
2026-05-20 18:51:03.694,0.709,-0.582,0.00,0.1,6.00,-1,-1,-0.1,2.50,0.00
2026-05-20 18:51:04.696,0.709,-0.577,0.00,0.1,6.00,-1,-1,-0.1,2.50,0.00
2026-05-20 18:51:05.697,0.709,-0.577,0.00,0.1,6.00,-1,-1,-0.1,2.50,0.00
2026-05-20 18:51:06.697,0.709,-0.571,0.00,0.1,6.00,-1,-1,-0.1,2.50,0.00
2026-05-20 18:51:07.698,0.709,-0.582,0.00,0.1,6.00,-1,-1,-0.1,2.50,0.00
2026-05-20 18:51:08.699,0.709,-0.577,0.00,0.1,6.00,-1,-1,-0.1,2.50,0.00
2026-05-20 18:51:09.700,0.709,-0.571,0.00,0.1,6.00,-1,-1,-0.1,2.50,0.00
2026-05-20 18:51:10.702,0.709,-0.571,0.00,0.1,6.00,-1,-1,-0.1,2.50,0.00
2026-05-20 18:51:11.702,0.709,-0.571,0.00,0.1,6.00,-1,-1,-0.1,2.50,0.00
2026-05-20 18:51:12.703,0.709,-0.571,0.00,0.1,6.00,-1,-1,-0.1,2.50,0.00
2026-05-20 18:51:13.705,0.709,-0.571,0.00,0.1,6.00,-1,-1,-0.1,2.50,0.00
2026-05-20 18:51:14.706,0.709,-0.571,0.00,0.1,6.00,-1,-1,-0.1,2.50,0.00
2026-05-20 18:51:15.706,0.709,-0.571,0.00,0.1,6.00,-1,-1,-0.1,2.50,0.00
2026-05-20 18:51:16.707,0.709,-0.571,0.00,0.1,6.00,-1,-1,-0.1,2.50,0.00
2026-05-20 18:51:17.708,0.709,-0.571,0.00,0.1,6.00,-1,-1,-0.1,2.50,0.00
2026-05-20 18:51:18.710,0.709,-0.571,0.00,0.1,6.00,-1,-1,-0.1,2.50,0.00
2026-05-20 18:51:19.710,0.709,-0.571,0.00,0.1,6.00,-1,-1,-0.1,2.50,0.00
2026-05-20 18:51:20.711,0.709,-0.577,0.00,0.1,6.00,-1,-1,-0.1,2.50,0.00
2026-05-20 18:51:21.712,0.709,-0.577,0.00,0.1,6.00,-1,-1,-0.1,2.50,0.00
2026-05-20 18:51:22.714,0.709,-0.577,0.00,0.1,6.00,-1,-1,-0.1,2.50,0.00
2026-05-20 18:51:23.714,0.709,-0.571,0.00,0.1,6.00,-1,-1,-0.1,2.50,0.00
2026-05-20 18:51:24.716,0.714,-0.577,0.00,0.1,6.00,-1,-1,-0.1,2.50,0.00
2026-05-20 18:51:25.717,0.709,-0.571,0.00,0.1,6.00,-1,-1,-0.1,2.50,0.00
2026-05-20 18:51:26.717,0.709,-0.566,0.00,0.1,6.00,-1,-1,-0.1,2.50,0.00
2026-05-20 18:51:27.719,0.709,-0.571,0.00,0.1,6.00,-1,-1,-0.1,2.50,0.00
2026-05-20 18:51:28.720,0.709,-0.577,0.00,0.1,6.00,-1,-1,-0.1,2.50,0.00
2026-05-20 18:51:29.721,0.709,-0.577,0.00,0.1,6.00,-1,-1,-0.1,2.50,0.00
2026-05-20 18:51:30.722,0.709,-0.577,0.00,0.1,6.00,-1,-1,-0.1,2.50,0.00
2026-05-20 18:51:31.723,0.709,-0.577,0.00,0.1,6.00,-1,-1,-0.1,2.50,0.00
2026-05-20 18:51:32.725,0.709,-0.577,0.00,0.1,6.00,-1,-1,-0.1,2.50,0.00
2026-05-20 18:51:33.726,0.709,-0.577,0.00,0.1,6.00,-1,-1,-0.1,2.50,0.00
2026-05-20 18:51:34.727,0.709,-0.577,0.00,0.1,6.00,-1,-1,-0.1,2.50,0.00
2026-05-20 18:51:35.727,0.709,-0.577,0.00,0.1,6.00,-1,-1,-0.1,2.50,0.00
2026-05-20 18:51:36.728,0.709,-0.577,0.00,0.1,6.00,-1,-1,-0.1,2.50,0.00
2026-05-20 18:51:37.729,0.709,-0.577,0.00,0.1,6.00,-1,-1,-0.1,2.50,0.00
2026-05-20 18:51:38.730,0.709,-0.577,0.00,0.1,6.00,-1,-1,-0.1,2.50,0.00
2026-05-20 18:51:39.731,0.709,-0.582,0.00,0.1,6.00,-1,-1,-0.1,2.50,0.00
2026-05-20 18:51:40.732,0.709,-0.582,0.00,0.1,6.00,-1,-1,-0.1,2.50,0.00
2026-05-20 18:51:41.733,0.709,-0.577,0.00,0.1,6.00,-1,-1,-0.1,2.50,0.00
2026-05-20 18:51:42.733,0.703,-0.577,0.00,0.1,6.00,-1,-1,-0.1,2.50,0.00
2026-05-20 18:51:43.734,0.703,-0.577,0.00,0.1,6.00,-1,-1,-0.1,2.50,0.00
2026-05-20 18:51:44.735,0.709,-0.577,0.00,0.1,6.00,-1,-1,-0.1,2.50,0.00
2026-05-20 18:51:45.736,0.709,-0.582,0.00,0.1,6.00,-1,-1,-0.1,2.50,0.00
2026-05-20 18:51:46.737,0.709,-0.582,0.00,0.1,6.00,-1,-1,-0.1,2.50,0.00
2026-05-20 18:51:47.738,0.709,-0.582,0.00,0.1,6.00,-1,-1,-0.1,2.50,0.00
2026-05-20 18:51:48.739,0.709,-0.577,0.00,0.1,6.00,-1,-1,-0.1,2.50,0.00
2026-05-20 18:51:49.740,0.709,-0.577,0.00,0.1,6.00,-1,-1,-0.1,2.50,0.00
2026-05-20 18:51:50.741,0.709,-0.577,0.00,0.1,6.00,-1,-1,-0.1,2.50,0.00
2026-05-20 18:51:51.742,0.709,-0.577,0.00,0.1,6.00,-1,-1,-0.1,2.50,0.00
2026-05-20 18:51:52.743,0.709,-0.577,0.00,0.1,6.00,-1,-1,-0.1,2.50,0.00
2026-05-20 18:51:53.744,0.709,-0.582,0.00,0.1,6.00,-1,-1,-0.1,2.50,0.00
2026-05-20 18:51:54.745,0.709,-0.582,0.00,0.1,6.00,-1,-1,-0.1,2.50,0.00
2026-05-20 18:51:55.746,0.714,-0.582,0.00,0.1,6.00,-1,-1,-0.1,2.50,0.00
2026-05-20 18:51:56.748,0.709,-0.582,0.00,0.1,6.00,-1,-1,-0.1,2.50,0.00
2026-05-20 18:51:57.748,0.709,-0.588,0.00,0.1,6.00,-1,-1,-0.1,2.50,0.00
2026-05-20 18:51:58.749,0.709,-0.588,0.00,0.1,6.00,-1,-1,-0.1,2.50,0.00
2026-05-20 18:51:59.750,0.709,-0.599,0.00,0.1,6.00,-1,-1,-0.1,2.50,0.00
2026-05-20 18:52:00.750,0.709,-0.599,0.00,0.1,6.00,-1,-1,-0.1,2.50,0.00
2026-05-20 18:52:01.752,0.709,-0.604,0.00,0.1,6.00,-1,-1,-0.1,2.50,0.00
2026-05-20 18:52:02.753,0.709,-0.604,0.00,0.1,6.00,-1,-1,-0.1,2.50,0.00
2026-05-20 18:52:03.754,0.709,-0.604,0.00,0.1,6.00,-1,-1,-0.1,2.50,0.00
2026-05-20 18:52:04.755,0.709,-0.604,0.00,0.1,6.00,-1,-1,-0.1,2.50,0.00
2026-05-20 18:52:05.756,0.709,-0.604,0.00,0.1,6.00,-1,-1,-0.1,2.50,0.00
2026-05-20 18:52:06.757,0.709,-0.599,0.00,0.1,6.00,-1,-1,-0.1,2.50,0.00
2026-05-20 18:52:07.759,0.709,-0.593,0.00,0.1,6.00,-1,-1,-0.1,2.50,0.00
2026-05-20 18:52:08.759,0.709,-0.593,0.00,0.1,6.00,-1,-1,-0.1,2.50,0.00
2026-05-20 18:52:09.760,0.709,-0.588,0.00,0.1,6.00,-1,-1,-0.1,2.50,0.00
2026-05-20 18:52:10.761,0.709,-0.588,0.00,0.1,6.00,-1,-1,-0.1,2.50,0.00
2026-05-20 18:52:11.763,0.709,-0.588,0.00,0.1,6.00,-1,-1,-0.1,2.50,0.00
2026-05-20 18:52:12.763,0.709,-0.588,0.00,0.1,6.00,-1,-1,-0.1,2.50,0.00
2026-05-20 18:52:13.764,0.709,-0.588,0.00,0.1,6.00,-1,-1,-0.1,2.50,0.00
2026-05-20 18:52:14.765,0.709,-0.588,0.00,0.1,6.00,-1,-1,-0.1,2.50,0.00
2026-05-20 18:52:15.766,0.709,-0.593,0.00,0.1,6.00,-1,-1,-0.1,2.50,0.00
2026-05-20 18:52:16.767,0.709,-0.593,0.00,0.1,6.00,-1,-1,-0.1,2.50,0.00
2026-05-20 18:52:17.768,0.709,-0.588,0.00,0.1,6.00,-1,-1,-0.1,2.50,0.00
2026-05-20 18:52:18.769,0.709,-0.588,0.00,0.1,6.00,-1,-1,-0.1,2.50,0.00
2026-05-20 18:52:19.771,0.709,-0.588,0.00,0.1,6.00,-1,-1,-0.1,2.50,0.00
2026-05-20 18:52:20.772,0.709,-0.599,0.00,0.1,6.00,-1,-1,-0.1,2.50,0.00
2026-05-20 18:52:21.772,0.714,-0.604,0.00,0.1,6.00,-1,-1,-0.1,2.50,0.00
2026-05-20 18:52:22.772,0.714,-0.604,0.00,0.1,6.00,-1,-1,-0.1,2.50,0.00
2026-05-20 18:52:23.774,0.714,-0.604,0.00,0.1,6.00,-1,-1,-0.1,2.50,0.00
2026-05-20 18:52:24.774,0.709,-0.599,0.00,0.1,6.00,-1,-1,-0.1,2.50,0.00
2026-05-20 18:52:25.775,0.709,-0.593,0.00,0.1,6.00,-1,-1,-0.1,2.50,0.00
2026-05-20 18:52:26.777,0.709,-0.593,0.00,0.1,6.00,-1,-1,-0.1,2.50,0.00
2026-05-20 18:52:27.778,0.709,-0.588,0.00,0.1,6.00,-1,-1,-0.1,2.50,0.00
2026-05-20 18:52:28.779,0.709,-0.582,0.00,0.1,6.00,-1,-1,-0.1,2.50,0.00
2026-05-20 18:52:29.779,0.709,-0.582,0.00,0.1,6.00,-1,-1,-0.1,2.50,0.00
2026-05-20 18:52:30.780,0.709,-0.571,0.00,0.1,6.00,-1,-1,-0.1,2.50,0.00
2026-05-20 18:52:31.781,0.709,-0.571,0.00,0.1,6.00,-1,-1,-0.1,2.50,0.00
2026-05-20 18:52:32.782,0.709,-0.571,0.00,0.1,6.00,-1,-1,-0.1,2.50,0.00
2026-05-20 18:52:33.782,0.703,-0.571,0.00,0.1,6.00,-1,-1,-0.1,2.50,0.00
2026-05-20 18:52:34.783,0.709,-0.577,0.00,0.1,6.00,-1,-1,-0.1,2.50,0.00
2026-05-20 18:52:35.785,0.703,-0.571,0.00,0.1,6.00,-1,-1,-0.1,2.50,0.00
2026-05-20 18:52:36.785,0.709,-0.577,0.00,0.1,6.00,-1,-1,-0.1,2.50,0.00
2026-05-20 18:52:37.786,0.703,-0.571,0.00,0.1,6.00,-1,-1,-0.1,2.50,0.00
2026-05-20 18:52:38.787,0.703,-0.577,0.00,0.1,6.00,-1,-1,-0.1,2.50,0.00
2026-05-20 18:52:39.788,0.703,-0.577,0.00,0.1,6.00,-1,-1,-0.1,2.50,0.00
2026-05-20 18:52:40.790,0.709,-0.577,0.00,0.1,6.00,-1,-1,-0.1,2.50,0.00
2026-05-20 18:52:41.791,0.709,-0.577,0.00,0.1,6.00,-1,-1,-0.1,2.50,0.00
2026-05-20 18:52:42.792,0.703,-0.577,0.00,0.1,6.00,-1,-1,-0.1,2.50,0.00
2026-05-20 18:52:43.793,0.703,-0.571,0.00,0.1,6.00,-1,-1,-0.1,2.50,0.00
2026-05-20 18:52:44.793,0.709,-0.571,0.00,0.1,6.00,-1,-1,-0.1,2.50,0.00
2026-05-20 18:52:45.794,0.703,-0.571,0.00,0.1,6.00,-1,-1,-0.1,2.50,0.00
2026-05-20 18:52:46.795,0.703,-0.571,0.00,0.1,6.00,-1,-1,-0.1,2.50,0.00
2026-05-20 18:52:47.796,0.703,-0.577,0.00,0.1,6.00,-1,-1,-0.1,2.50,0.00
2026-05-20 18:52:48.797,0.703,-0.577,0.00,0.1,6.00,-1,-1,-0.1,2.50,0.00
2026-05-20 18:52:49.797,0.709,-0.566,0.00,0.1,6.00,-1,-1,-0.1,2.50,0.00
2026-05-20 18:52:50.798,0.709,-0.571,0.00,0.1,6.00,-1,-1,-0.1,2.50,0.00
2026-05-20 18:52:51.798,0.709,-0.571,0.00,0.1,6.00,-1,-1,-0.1,2.50,0.00
2026-05-20 18:52:52.799,0.703,-0.571,0.00,0.1,6.00,-1,-1,-0.1,2.50,0.00
2026-05-20 18:52:53.800,0.709,-0.582,0.00,0.1,6.00,-1,-1,-0.1,2.50,0.00
2026-05-20 18:52:54.801,0.709,-0.599,0.00,0.1,6.00,-1,-1,-0.1,2.50,0.00
2026-05-20 18:52:55.801,0.709,-0.604,0.00,0.1,6.00,-1,-1,-0.1,2.50,0.00
2026-05-20 18:52:56.803,0.709,-0.604,0.00,0.1,6.00,-1,-1,-0.1,2.50,0.00
2026-05-20 18:52:57.804,0.709,-0.604,0.00,0.1,6.00,-1,-1,-0.1,2.50,0.00
2026-05-20 18:52:58.805,0.709,-0.599,0.00,0.1,6.00,-1,-1,-0.1,2.50,0.00
2026-05-20 18:52:59.806,0.709,-0.593,0.00,0.1,6.00,-1,-1,-0.1,2.50,0.00
2026-05-20 18:53:00.807,0.709,-0.588,0.00,0.1,6.00,-1,-1,-0.1,2.50,0.00
2026-05-20 18:53:01.808,0.709,-0.588,0.00,0.1,6.00,-1,-1,-0.1,2.50,0.00
2026-05-20 18:53:02.808,0.709,-0.588,0.00,0.1,6.00,-1,-1,-0.1,2.50,0.00
2026-05-20 18:53:03.809,0.709,-0.582,0.00,0.1,6.00,-1,-1,-0.1,2.50,0.00
2026-05-20 18:53:04.810,0.709,-0.582,0.00,0.1,6.00,-1,-1,-0.1,2.50,0.00
2026-05-20 18:53:05.811,0.709,-0.577,0.00,0.1,6.00,-1,-1,-0.1,2.50,0.00
2026-05-20 18:53:06.812,0.709,-0.577,0.00,0.1,6.00,-1,-1,-0.1,2.50,0.00
2026-05-20 18:53:07.813,0.709,-0.577,0.00,0.1,6.00,-1,-1,-0.1,2.50,0.00
2026-05-20 18:53:08.815,0.709,-0.577,0.00,0.1,6.00,-1,-1,-0.1,2.50,0.00
2026-05-20 18:53:09.815,0.709,-0.577,0.00,0.1,6.00,-1,-1,-0.1,2.50,0.00
2026-05-20 18:53:10.817,0.709,-0.577,0.00,0.1,6.00,-1,-1,-0.1,2.50,0.00
2026-05-20 18:53:11.818,0.703,-0.577,0.00,0.1,6.00,-1,-1,-0.1,2.50,0.00
2026-05-20 18:53:12.819,0.703,-0.582,0.00,0.1,6.00,-1,-1,-0.1,2.50,0.00
2026-05-20 18:53:13.819,0.709,-0.582,0.00,0.1,6.00,-1,-1,-0.1,2.50,0.00
2026-05-20 18:53:14.820,0.709,-0.582,0.00,0.1,6.00,-1,-1,-0.1,2.50,0.00
2026-05-20 18:53:15.821,0.709,-0.582,0.00,0.1,6.00,-1,-1,-0.1,2.50,0.00
2026-05-20 18:53:16.821,0.709,-0.577,0.00,0.1,6.00,-1,-1,-0.1,2.50,0.00
2026-05-20 18:53:17.822,0.709,-0.577,0.00,0.1,6.00,-1,-1,-0.1,2.50,0.00
2026-05-20 18:53:18.823,0.709,-0.577,0.00,0.1,6.00,-1,-1,-0.1,2.50,0.00
2026-05-20 18:53:19.825,0.703,-0.577,0.00,0.1,6.00,-1,-1,-0.1,2.50,0.00
2026-05-20 18:53:20.826,0.703,-0.577,0.00,0.1,6.00,-1,-1,-0.1,2.50,0.00
2026-05-20 18:53:21.827,0.709,-0.577,0.00,0.1,6.00,-1,-1,-0.1,2.50,0.00
2026-05-20 18:53:22.828,0.709,-0.577,0.00,0.1,6.00,-1,-1,-0.1,2.50,0.00
2026-05-20 18:53:23.828,0.709,-0.577,0.00,0.1,6.00,-1,-1,-0.1,2.50,0.00
2026-05-20 18:53:24.829,0.709,-0.577,0.00,0.1,6.00,-1,-1,-0.1,2.50,0.00
2026-05-20 18:53:25.831,0.703,-0.571,0.00,0.1,6.00,-1,-1,-0.1,2.50,0.00
2026-05-20 18:53:26.832,0.709,-0.577,0.00,0.1,6.00,-1,-1,-0.1,2.50,0.00
2026-05-20 18:53:27.832,0.709,-0.571,0.00,0.1,6.00,-1,-1,-0.1,2.50,0.00
2026-05-20 18:53:28.833,0.709,-0.571,0.00,0.1,6.00,-1,-1,-0.1,2.50,0.00
2026-05-20 18:53:29.834,0.709,-0.571,0.00,0.1,6.00,-1,-1,-0.1,2.50,0.00
2026-05-20 18:53:30.835,0.709,-0.571,0.00,0.1,6.00,-1,-1,-0.1,2.50,0.00
2026-05-20 18:53:31.836,0.709,-0.571,0.00,0.1,6.00,-1,-1,-0.1,2.50,0.00
2026-05-20 18:53:32.837,0.709,-0.577,0.00,0.1,6.00,-1,-1,-0.1,2.50,0.00
2026-05-20 18:53:33.837,0.709,-0.582,0.00,0.1,6.00,-1,-1,-0.1,2.50,0.00
2026-05-20 18:53:34.839,0.709,-0.582,0.00,0.1,6.00,-1,-1,-0.1,2.50,0.00
2026-05-20 18:53:35.840,0.709,-0.588,0.00,0.1,6.00,-1,-1,-0.1,2.50,0.00
2026-05-20 18:53:36.841,0.709,-0.588,0.00,0.1,6.00,-1,-1,-0.1,2.50,0.00
2026-05-20 18:53:37.842,0.709,-0.582,0.00,0.1,6.00,-1,-1,-0.1,2.50,0.00
2026-05-20 18:53:38.844,0.709,-0.582,0.00,0.1,6.00,-1,-1,-0.1,2.50,0.00
2026-05-20 18:53:39.844,0.709,-0.582,0.00,0.1,6.00,-1,-1,-0.1,2.50,0.00
2026-05-20 18:53:40.845,0.709,-0.588,0.00,0.1,6.00,-1,-1,-0.1,2.50,0.00
2026-05-20 18:53:41.846,0.703,-0.571,0.00,0.1,6.00,-1,-1,-0.1,2.50,0.00
2026-05-20 18:53:42.847,0.709,-0.571,0.00,0.1,6.00,-1,-1,-0.1,2.50,0.00
2026-05-20 18:53:43.848,0.709,-0.571,0.00,0.1,6.00,-1,-1,-0.1,2.50,0.00
2026-05-20 18:53:44.849,0.709,-0.571,0.00,0.1,6.00,-1,-1,-0.1,2.50,0.00
2026-05-20 18:53:45.850,0.709,-0.571,0.00,0.1,6.00,-1,-1,-0.1,2.50,0.00
2026-05-20 18:53:46.850,0.709,-0.566,0.00,0.1,6.00,-1,-1,-0.1,2.50,0.00
2026-05-20 18:53:47.851,0.709,-0.566,0.00,0.1,6.00,-1,-1,-0.1,2.50,0.00
2026-05-20 18:53:48.851,0.709,-0.566,0.00,0.1,6.00,-1,-1,-0.1,2.50,0.00
2026-05-20 18:53:49.852,0.709,-0.571,0.00,0.1,6.00,-1,-1,-0.1,2.50,0.00
2026-05-20 18:53:50.853,0.709,-0.571,0.00,0.1,6.00,-1,-1,-0.1,2.50,0.00
2026-05-20 18:53:51.854,0.709,-0.571,0.00,0.1,6.00,-1,-1,-0.1,2.50,0.00
2026-05-20 18:53:52.855,0.709,-0.571,0.00,0.1,6.00,-1,-1,-0.1,2.50,0.00
2026-05-20 18:53:53.856,0.709,-0.571,0.00,0.1,6.00,-1,-1,-0.1,2.50,0.00
2026-05-20 18:53:54.857,0.709,-0.571,0.00,0.1,6.00,-1,-1,-0.1,2.50,0.00
2026-05-20 18:53:55.858,0.709,-0.577,0.00,0.1,6.00,-1,-1,-0.1,2.50,0.00
2026-05-20 18:53:56.859,0.709,-0.571,0.00,0.1,6.00,-1,-1,-0.1,2.50,0.00
2026-05-20 18:53:57.860,0.709,-0.571,0.00,0.1,6.00,-1,-1,-0.1,2.50,0.00
2026-05-20 18:53:58.861,0.709,-0.571,0.00,0.1,6.00,-1,-1,-0.1,2.50,0.00
2026-05-20 18:53:59.862,0.709,-0.571,0.00,0.1,6.00,-1,-1,-0.1,2.50,0.00
2026-05-20 18:54:00.862,0.709,-0.571,0.00,0.1,6.00,-1,-1,-0.1,2.50,0.00
2026-05-20 18:54:01.863,0.709,-0.571,0.00,0.1,6.00,-1,-1,-0.1,2.50,0.00
2026-05-20 18:54:02.864,0.709,-0.571,0.00,0.1,6.00,-1,-1,-0.1,2.50,0.00
2026-05-20 18:54:03.865,0.709,-0.566,0.00,0.1,6.00,-1,-1,-0.1,2.50,0.00
2026-05-20 18:54:04.866,0.709,-0.566,0.00,0.1,6.00,-1,-1,-0.1,2.50,0.00
2026-05-20 18:54:05.867,0.709,-0.566,0.00,0.1,6.00,-1,-1,-0.1,2.50,0.00
2026-05-20 18:54:06.868,0.709,-0.571,0.00,0.1,6.00,-1,-1,-0.1,2.50,0.00
2026-05-20 18:54:07.869,0.709,-0.571,0.00,0.1,6.00,-1,-1,-0.1,2.50,0.00
2026-05-20 18:54:08.871,0.714,-0.577,0.00,0.1,6.00,-1,-1,-0.1,2.50,0.00
2026-05-20 18:54:09.871,0.709,-0.577,0.00,0.1,6.00,-1,-1,-0.1,2.50,0.00
2026-05-20 18:54:10.873,0.709,-0.582,0.00,0.1,6.00,-1,-1,-0.1,2.50,0.00
2026-05-20 18:54:11.874,0.709,-0.577,0.00,0.1,6.00,-1,-1,-0.1,2.50,0.00
2026-05-20 18:54:12.875,0.709,-0.577,0.00,0.1,6.00,-1,-1,-0.1,2.50,0.00
2026-05-20 18:54:13.876,0.709,-0.577,0.00,0.1,6.00,-1,-1,-0.1,2.50,0.00
2026-05-20 18:54:14.877,0.709,-0.582,0.00,0.1,6.00,-1,-1,-0.1,2.50,0.00
2026-05-20 18:54:15.878,0.709,-0.588,0.00,0.1,6.00,-1,-1,-0.1,2.50,0.00
2026-05-20 18:54:16.880,0.709,-0.588,0.00,0.1,6.00,-1,-1,-0.1,2.50,0.00
2026-05-20 18:54:17.880,0.709,-0.588,0.00,0.1,6.00,-1,-1,-0.1,2.50,0.00
2026-05-20 18:54:18.881,0.709,-0.588,0.00,0.1,6.00,-1,-1,-0.1,2.50,0.00
2026-05-20 18:54:19.882,0.709,-0.582,0.00,0.1,6.00,-1,-1,-0.1,2.50,0.00
2026-05-20 18:54:20.883,0.709,-0.588,0.00,0.1,6.00,-1,-1,-0.1,2.50,0.00
2026-05-20 18:54:21.883,0.703,-0.582,0.00,0.1,6.00,-1,-1,-0.1,2.50,0.00
2026-05-20 18:54:22.884,0.709,-0.588,0.00,0.1,6.00,-1,-1,-0.1,2.50,0.00
2026-05-20 18:54:23.885,0.703,-0.582,0.00,0.1,6.00,-1,-1,-0.1,2.50,0.00
2026-05-20 18:54:24.885,0.709,-0.582,0.00,0.1,6.00,-1,-1,-0.1,2.50,0.00
2026-05-20 18:54:25.886,0.709,-0.582,0.00,0.1,6.00,-1,-1,-0.1,2.50,0.00
2026-05-20 18:54:26.887,0.709,-0.582,0.00,0.1,6.00,-1,-1,-0.1,2.50,0.00
2026-05-20 18:54:27.887,0.703,-0.582,0.00,0.1,6.00,-1,-1,-0.1,2.50,0.00
2026-05-20 18:54:28.889,0.703,-0.577,0.00,0.1,6.00,-1,-1,-0.1,2.50,0.00
2026-05-20 18:54:29.889,0.709,-0.577,0.00,0.1,6.00,-1,-1,-0.1,2.50,0.00
2026-05-20 18:54:30.890,0.709,-0.582,0.00,0.1,6.00,-1,-1,-0.1,2.50,0.00
2026-05-20 18:54:31.891,0.709,-0.588,0.00,0.1,6.00,-1,-1,-0.1,2.50,0.00
2026-05-20 18:54:32.893,0.709,-0.588,0.00,0.1,6.00,-1,-1,-0.1,2.50,0.00
2026-05-20 18:54:33.894,0.709,-0.588,0.00,0.1,6.00,-1,-1,-0.1,2.50,0.00
2026-05-20 18:54:34.895,0.703,-0.588,0.00,0.1,6.00,-1,-1,-0.1,2.50,0.00
2026-05-20 18:54:35.896,0.709,-0.588,0.00,0.1,6.00,-1,-1,-0.1,2.50,0.00
2026-05-20 18:54:36.897,0.709,-0.588,0.00,0.1,6.00,-1,-1,-0.1,2.50,0.00
2026-05-20 18:54:37.898,0.709,-0.588,0.00,0.1,6.00,-1,-1,-0.1,2.50,0.00
2026-05-20 18:54:38.899,0.709,-0.582,0.00,0.1,6.00,-1,-1,-0.1,2.50,0.00
2026-05-20 18:54:39.900,0.703,-0.577,0.00,0.1,6.00,-1,-1,-0.1,2.50,0.00
2026-05-20 18:54:40.901,0.709,-0.577,0.00,0.1,6.00,-1,-1,-0.1,2.50,0.00
2026-05-20 18:54:41.902,0.709,-0.577,0.00,0.1,6.00,-1,-1,-0.1,2.50,0.00
2026-05-20 18:54:42.902,0.709,-0.582,0.00,0.1,6.00,-1,-1,-0.1,2.50,0.00
2026-05-20 18:54:43.903,0.709,-0.582,0.00,0.1,6.00,-1,-1,-0.1,2.50,0.00
2026-05-20 18:54:44.905,0.709,-0.582,0.00,0.1,6.00,-1,-1,-0.1,2.50,0.00
2026-05-20 18:54:45.905,0.709,-0.582,0.00,0.1,6.00,-1,-1,-0.1,2.50,0.00
2026-05-20 18:54:46.906,0.709,-0.582,0.00,0.1,6.00,-1,-1,-0.1,2.50,0.00
2026-05-20 18:54:47.907,0.709,-0.582,0.00,0.1,6.00,-1,-1,-0.1,2.50,0.00
2026-05-20 18:54:48.909,0.703,-0.582,0.00,0.1,6.00,-1,-1,-0.1,2.50,0.00
2026-05-20 18:54:49.909,0.703,-0.582,0.00,0.1,6.00,-1,-1,-0.1,2.50,0.00
2026-05-20 18:54:50.910,0.709,-0.582,0.00,0.1,6.00,-1,-1,-0.1,2.50,0.00
2026-05-20 18:54:51.911,0.709,-0.582,0.00,0.1,6.00,-1,-1,-0.1,2.50,0.00
2026-05-20 18:54:52.911,0.709,-0.582,0.00,0.1,6.00,-1,-1,-0.1,2.50,0.00
2026-05-20 18:54:53.913,0.709,-0.582,0.00,0.1,6.00,-1,-1,-0.1,2.50,0.00
2026-05-20 18:54:54.913,0.709,-0.582,0.00,0.1,6.00,-1,-1,-0.1,2.50,0.00
2026-05-20 18:54:55.914,0.709,-0.582,0.00,0.1,6.00,-1,-1,-0.1,2.50,0.00
2026-05-20 18:54:56.915,0.709,-0.588,0.00,0.1,6.00,-1,-1,-0.1,2.50,0.00
2026-05-20 18:54:57.916,0.709,-0.588,0.00,0.1,6.00,-1,-1,-0.1,2.50,0.00
2026-05-20 18:54:58.917,0.709,-0.582,0.00,0.1,6.00,-1,-1,-0.1,2.50,0.00
2026-05-20 18:54:59.918,0.709,-0.588,0.00,0.1,6.00,-1,-1,-0.1,2.50,0.00
2026-05-20 18:55:00.919,0.703,-0.588,0.00,0.1,6.00,-1,-1,-0.1,2.50,0.00
2026-05-20 18:55:01.920,0.703,-0.582,0.00,0.1,6.00,-1,-1,-0.1,2.50,0.00
2026-05-20 18:55:02.921,0.709,-0.582,0.00,0.1,6.00,-1,-1,-0.1,2.50,0.00
2026-05-20 18:55:03.922,0.709,-0.588,0.00,0.1,6.00,-1,-1,-0.1,2.50,0.00
2026-05-20 18:55:04.924,0.709,-0.582,0.00,0.1,6.00,-1,-1,-0.1,2.50,0.00
2026-05-20 18:55:05.924,0.709,-0.588,0.00,0.1,6.00,-1,-1,-0.1,2.50,0.00
2026-05-20 18:55:06.925,0.709,-0.588,0.00,0.1,6.00,-1,-1,-0.1,2.50,0.00
2026-05-20 18:55:07.926,0.709,-0.588,0.00,0.1,6.00,-1,-1,-0.1,2.50,0.00
2026-05-20 18:55:08.927,0.709,-0.588,0.00,0.1,6.00,-1,-1,-0.1,2.50,0.00
2026-05-20 18:55:09.928,0.709,-0.582,0.00,0.1,6.00,-1,-1,-0.1,2.50,0.00
2026-05-20 18:55:10.929,0.709,-0.582,0.00,0.1,6.00,-1,-1,-0.1,2.50,0.00
2026-05-20 18:55:11.930,0.709,-0.582,0.00,0.1,6.00,-1,-1,-0.1,2.50,0.00
2026-05-20 18:55:12.931,0.709,-0.582,0.00,0.1,6.00,-1,-1,-0.1,2.50,0.00
2026-05-20 18:55:13.932,0.709,-0.582,0.00,0.1,6.00,-1,-1,-0.1,2.50,0.00
2026-05-20 18:55:14.933,0.709,-0.582,0.00,0.1,6.00,-1,-1,-0.1,2.50,0.00
2026-05-20 18:55:15.934,0.709,-0.582,0.00,0.1,6.00,-1,-1,-0.1,2.50,0.00
2026-05-20 18:55:16.934,0.709,-0.588,0.00,0.1,6.00,-1,-1,-0.1,2.50,0.00
2026-05-20 18:55:17.935,0.709,-0.582,0.00,0.1,6.00,-1,-1,-0.1,2.50,0.00
2026-05-20 18:55:18.936,0.709,-0.582,0.00,0.1,6.00,-1,-1,-0.1,2.50,0.00
2026-05-20 18:55:19.936,0.709,-0.582,0.00,0.1,6.00,-1,-1,-0.1,2.50,0.00
2026-05-20 18:55:20.937,0.709,-0.582,0.00,0.1,6.00,-1,-1,-0.1,2.50,0.00
2026-05-20 18:55:21.938,0.709,-0.582,0.00,0.1,6.00,-1,-1,-0.1,2.50,0.00
2026-05-20 18:55:22.939,0.709,-0.582,0.00,0.1,6.00,-1,-1,-0.1,2.50,0.00
2026-05-20 18:55:23.940,0.709,-0.582,0.00,0.1,6.00,-1,-1,-0.1,2.50,0.00
2026-05-20 18:55:24.941,0.709,-0.582,0.00,0.1,6.00,-1,-1,-0.1,2.50,0.00
2026-05-20 18:55:25.942,0.709,-0.588,0.00,0.1,6.00,-1,-1,-0.1,2.50,0.00
2026-05-20 18:55:26.942,0.709,-0.588,0.00,0.1,6.00,-1,-1,-0.1,2.50,0.00
2026-05-20 18:55:27.943,0.709,-0.588,0.00,0.1,6.00,-1,-1,-0.1,2.50,0.00
2026-05-20 18:55:28.944,0.709,-0.582,0.00,0.1,6.00,-1,-1,-0.1,2.50,0.00
2026-05-20 18:55:29.945,0.709,-0.582,0.00,0.1,6.00,-1,-1,-0.1,2.50,0.00
2026-05-20 18:55:30.946,0.709,-0.582,0.00,0.1,6.00,-1,-1,-0.1,2.50,0.00
2026-05-20 18:55:31.946,0.709,-0.582,0.00,0.1,6.00,-1,-1,-0.1,2.50,0.00
2026-05-20 18:55:32.948,0.709,-0.582,0.00,0.1,6.00,-1,-1,-0.1,2.50,0.00
2026-05-20 18:55:33.949,0.709,-0.582,0.00,0.1,6.00,-1,-1,-0.1,2.50,0.00
2026-05-20 18:55:34.950,0.709,-0.582,0.00,0.1,6.00,-1,-1,-0.1,2.50,0.00
2026-05-20 18:55:35.951,0.703,-0.577,0.00,0.1,6.00,-1,-1,-0.1,2.50,0.00
2026-05-20 18:55:36.952,0.703,-0.577,0.00,0.1,6.00,-1,-1,-0.1,2.50,0.00
2026-05-20 18:55:37.953,0.703,-0.571,0.00,0.1,6.00,-1,-1,-0.1,2.50,0.00
2026-05-20 18:55:38.954,0.703,-0.571,0.00,0.1,6.00,-1,-1,-0.1,2.50,0.00
2026-05-20 18:55:39.955,0.709,-0.571,0.00,0.1,6.00,-1,-1,-0.1,2.50,0.00
2026-05-20 18:55:40.956,0.709,-0.571,0.00,0.1,6.00,-1,-1,-0.1,2.50,0.00
2026-05-20 18:55:41.957,0.709,-0.571,0.00,0.1,6.00,-1,-1,-0.1,2.50,0.00
2026-05-20 18:55:42.957,0.709,-0.571,0.00,0.1,6.00,-1,-1,-0.1,2.50,0.00
2026-05-20 18:55:43.958,0.703,-0.571,0.00,0.1,6.00,-1,-1,-0.1,2.50,0.00
2026-05-20 18:55:44.959,0.703,-0.571,0.00,0.1,6.00,-1,-1,-0.1,2.50,0.00
2026-05-20 18:55:45.960,0.703,-0.571,0.00,0.1,6.00,-1,-1,-0.1,2.50,0.00
2026-05-20 18:55:46.961,0.703,-0.571,0.00,0.1,6.00,-1,-1,-0.1,2.50,0.00
2026-05-20 18:55:47.961,0.703,-0.571,0.00,0.1,6.00,-1,-1,-0.1,2.50,0.00
2026-05-20 18:55:48.962,0.703,-0.571,0.00,0.1,6.00,-1,-1,-0.1,2.50,0.00
2026-05-20 18:55:49.964,0.703,-0.571,0.00,0.1,6.00,-1,-1,-0.1,2.50,0.00
2026-05-20 18:55:50.965,0.703,-0.571,0.00,0.1,6.00,-1,-1,-0.1,2.50,0.00
2026-05-20 18:55:51.966,0.703,-0.577,0.00,0.1,6.00,-1,-1,-0.1,2.50,0.00
2026-05-20 18:55:52.967,0.709,-0.577,0.00,0.1,6.00,-1,-1,-0.1,2.50,0.00
2026-05-20 18:55:53.968,0.703,-0.577,0.00,0.1,6.00,-1,-1,-0.1,2.50,0.00
2026-05-20 18:55:54.969,0.703,-0.571,0.00,0.1,6.00,-1,-1,-0.1,2.50,0.00
2026-05-20 18:55:55.970,0.709,-0.577,0.00,0.1,6.00,-1,-1,-0.1,2.50,0.00
2026-05-20 18:55:56.971,0.709,-0.582,0.00,0.1,6.00,-1,-1,-0.1,2.50,0.00
2026-05-20 18:55:57.973,0.709,-0.582,0.00,0.1,6.00,-1,-1,-0.1,2.50,0.00
2026-05-20 18:55:58.973,0.709,-0.582,0.00,0.1,6.00,-1,-1,-0.1,2.50,0.00
2026-05-20 18:55:59.974,0.709,-0.582,0.00,0.1,6.00,-1,-1,-0.1,2.50,0.00
2026-05-20 18:56:00.975,0.709,-0.582,0.00,0.1,6.00,-1,-1,-0.1,2.50,0.00
2026-05-20 18:56:01.975,0.709,-0.588,0.00,0.1,6.00,-1,-1,-0.1,2.50,0.00
2026-05-20 18:56:02.976,0.709,-0.582,0.00,0.1,6.00,-1,-1,-0.1,2.50,0.00
2026-05-20 18:56:03.977,0.709,-0.582,0.00,0.1,6.00,-1,-1,-0.1,2.50,0.00
2026-05-20 18:56:04.978,0.703,-0.582,0.00,0.1,6.00,-1,-1,-0.1,2.50,0.00
2026-05-20 18:56:05.979,0.709,-0.577,0.00,0.1,6.00,-1,-1,-0.1,2.50,0.00
2026-05-20 18:56:06.980,0.709,-0.577,0.00,0.1,6.00,-1,-1,-0.1,2.50,0.00
2026-05-20 18:56:07.981,0.709,-0.577,0.00,0.1,6.00,-1,-1,-0.1,2.50,0.00
2026-05-20 18:56:08.982,0.709,-0.577,0.00,0.1,6.00,-1,-1,-0.1,2.50,0.00
2026-05-20 18:56:09.983,0.709,-0.577,0.00,0.1,6.00,-1,-1,-0.1,2.50,0.00
2026-05-20 18:56:10.983,0.709,-0.577,0.00,0.1,6.00,-1,-1,-0.1,2.50,0.00
2026-05-20 18:56:11.984,0.703,-0.577,0.00,0.1,6.00,-1,-1,-0.1,2.50,0.00
2026-05-20 18:56:12.985,0.703,-0.577,0.00,0.1,6.00,-1,-1,-0.1,2.50,0.00
2026-05-20 18:56:13.986,0.709,-0.582,0.00,0.1,6.00,-1,-1,-0.1,2.50,0.00
2026-05-20 18:56:14.987,0.709,-0.588,0.00,0.1,6.00,-1,-1,-0.1,2.50,0.00
2026-05-20 18:56:15.988,0.709,-0.588,0.00,0.1,6.00,-1,-1,-0.1,2.50,0.00
2026-05-20 18:56:16.990,0.709,-0.582,0.00,0.1,6.00,-1,-1,-0.1,2.50,0.00
2026-05-20 18:56:17.991,0.709,-0.582,0.00,0.1,6.00,-1,-1,-0.1,2.50,0.00
2026-05-20 18:56:18.992,0.709,-0.582,0.00,0.1,6.00,-1,-1,-0.1,2.50,0.00
2026-05-20 18:56:19.993,0.709,-0.582,0.00,0.1,6.00,-1,-1,-0.1,2.50,0.00
2026-05-20 18:56:20.994,0.709,-0.582,0.00,0.1,6.00,-1,-1,-0.1,2.50,0.00
2026-05-20 18:56:21.995,0.709,-0.582,0.00,0.1,6.00,-1,-1,-0.1,2.50,0.00
2026-05-20 18:56:22.996,0.709,-0.582,0.00,0.1,6.00,-1,-1,-0.1,2.50,0.00
2026-05-20 18:56:23.997,0.709,-0.582,0.00,0.1,6.00,-1,-1,-0.1,2.50,0.00
2026-05-20 18:56:24.999,0.709,-0.582,0.00,0.1,6.00,-1,-1,-0.1,2.50,0.00
2026-05-20 18:56:26.000,0.709,-0.588,0.00,0.1,6.00,-1,-1,-0.1,2.50,0.00
2026-05-20 18:56:27.001,0.709,-0.588,0.00,0.1,6.00,-1,-1,-0.1,2.50,0.00
2026-05-20 18:56:28.001,0.703,-0.582,0.00,0.1,6.00,-1,-1,-0.1,2.50,0.00
2026-05-20 18:56:29.003,0.703,-0.582,0.00,0.1,6.00,-1,-1,-0.1,2.50,0.00
2026-05-20 18:56:30.004,0.703,-0.577,0.00,0.1,6.00,-1,-1,-0.1,2.50,0.00
2026-05-20 18:56:31.005,0.703,-0.577,0.00,0.1,6.00,-1,-1,-0.1,2.50,0.00
2026-05-20 18:56:32.006,0.703,-0.571,0.00,0.1,6.00,-1,-1,-0.1,2.50,0.00
2026-05-20 18:56:33.007,0.703,-0.571,0.00,0.1,6.00,-1,-1,-0.1,2.50,0.00
2026-05-20 18:56:34.008,0.703,-0.571,0.00,0.1,6.00,-1,-1,-0.1,2.50,0.00
2026-05-20 18:56:35.009,0.703,-0.582,0.00,0.1,6.00,-1,-1,-0.1,2.50,0.00
2026-05-20 18:56:36.010,0.703,-0.577,0.00,0.1,6.00,-1,-1,-0.1,2.50,0.00
2026-05-20 18:56:37.011,0.709,-0.577,0.00,0.1,6.00,-1,-1,-0.1,2.50,0.00
2026-05-20 18:56:38.012,0.709,-0.577,0.00,0.1,6.00,-1,-1,-0.1,2.50,0.00
2026-05-20 18:56:39.013,0.709,-0.577,0.00,0.1,6.00,-1,-1,-0.1,2.50,0.00
2026-05-20 18:56:40.014,0.709,-0.582,0.00,0.1,6.00,-1,-1,-0.1,2.50,0.00
2026-05-20 18:56:41.015,0.709,-0.582,0.00,0.1,6.00,-1,-1,-0.1,2.50,0.00
2026-05-20 18:56:42.016,0.709,-0.582,0.00,0.1,6.00,-1,-1,-0.1,2.50,0.00
2026-05-20 18:56:43.017,0.709,-0.582,0.00,0.1,6.00,-1,-1,-0.1,2.50,0.00
2026-05-20 18:56:44.018,0.703,-0.582,0.00,0.1,6.00,-1,-1,-0.1,2.50,0.00
2026-05-20 18:56:45.019,0.703,-0.582,0.00,0.1,6.00,-1,-1,-0.1,2.50,0.00
2026-05-20 18:56:46.019,0.703,-0.582,0.00,0.1,6.00,-1,-1,-0.1,2.50,0.00
2026-05-20 18:56:47.020,0.709,-0.582,0.00,0.1,6.00,-1,-1,-0.1,2.50,0.00
2026-05-20 18:56:48.021,0.709,-0.582,0.00,0.1,6.00,-1,-1,-0.1,2.50,0.00
2026-05-20 18:56:49.022,0.709,-0.582,0.00,0.1,6.00,-1,-1,-0.1,2.50,0.00
2026-05-20 18:56:50.022,0.709,-0.582,0.00,0.1,6.00,-1,-1,-0.1,2.50,0.00
2026-05-20 18:56:51.023,0.709,-0.582,0.00,0.1,6.00,-1,-1,-0.1,2.50,0.00
2026-05-20 18:56:52.025,0.709,-0.588,0.00,0.1,6.00,-1,-1,-0.1,2.50,0.00
2026-05-20 18:56:53.025,0.709,-0.588,0.00,0.1,6.00,-1,-1,-0.1,2.50,0.00
2026-05-20 18:56:54.026,0.709,-0.582,0.00,0.1,6.00,-1,-1,-0.1,2.50,0.00
2026-05-20 18:56:55.027,0.709,-0.588,0.00,0.1,6.00,-1,-1,-0.1,2.50,0.00
2026-05-20 18:56:56.028,0.709,-0.582,0.00,0.1,6.00,-1,-1,-0.1,2.50,0.00
2026-05-20 18:56:57.029,0.703,-0.577,0.00,0.1,6.00,-1,-1,-0.1,2.50,0.00
2026-05-20 18:56:58.030,0.709,-0.577,0.00,0.1,6.00,-1,-1,-0.1,2.50,0.00
2026-05-20 18:56:59.030,0.703,-0.577,0.00,0.1,6.00,-1,-1,-0.1,2.50,0.00
2026-05-20 18:57:00.031,0.703,-0.566,0.00,0.1,6.00,-1,-1,-0.1,2.50,0.00
2026-05-20 18:57:01.032,0.703,-0.566,0.00,0.1,6.00,-1,-1,-0.1,2.50,0.00
2026-05-20 18:57:02.033,0.709,-0.566,0.00,0.1,6.00,-1,-1,-0.1,2.50,0.00
2026-05-20 18:57:03.034,0.709,-0.577,0.00,0.1,6.00,-1,-1,-0.1,2.50,0.00
2026-05-20 18:57:04.035,0.709,-0.577,0.00,0.1,6.00,-1,-1,-0.1,2.50,0.00
2026-05-20 18:57:05.036,0.709,-0.560,0.00,0.1,6.00,-1,-1,-0.1,2.50,0.00
2026-05-20 18:57:06.037,0.709,-0.555,0.00,0.1,6.00,-1,-1,-0.1,2.50,0.00
2026-05-20 18:57:07.038,0.703,-0.555,0.00,0.1,6.00,-1,-1,-0.1,2.50,0.00
2026-05-20 18:57:08.038,0.703,-0.555,0.00,0.1,6.00,-1,-1,-0.1,2.50,0.00
2026-05-20 18:57:09.039,0.698,-0.555,0.00,0.1,6.00,-1,-1,-0.1,2.50,0.00
2026-05-20 18:57:10.039,0.703,-0.577,0.00,0.1,6.00,-1,-1,-0.1,2.50,0.00
2026-05-20 18:57:11.041,0.703,-0.560,0.00,0.1,6.00,-1,-1,-0.1,2.50,0.00
2026-05-20 18:57:12.041,0.703,-0.560,0.00,0.1,6.00,-1,-1,-0.1,2.50,0.00
2026-05-20 18:57:13.042,0.709,-0.571,0.00,0.1,6.00,-1,-1,-0.1,2.50,0.00
2026-05-20 18:57:14.043,0.709,-0.577,0.00,0.1,6.00,-1,-1,-0.1,2.50,0.00
2026-05-20 18:57:15.044,0.703,-0.604,0.00,0.1,6.00,-1,-1,-0.1,2.50,0.00
2026-05-20 18:57:16.045,0.698,-0.610,0.00,0.1,6.00,-1,-1,-0.1,2.50,0.00
2026-05-20 18:57:17.046,0.698,-0.610,0.00,0.1,6.00,-1,-1,-0.1,2.50,0.00
2026-05-20 18:57:18.047,0.698,-0.604,0.00,0.1,6.00,-1,-1,-0.1,2.50,0.00
2026-05-20 18:57:19.048,0.698,-0.610,0.00,0.1,6.00,-1,-1,-0.1,2.50,0.00
2026-05-20 18:57:20.049,0.698,-0.610,0.00,0.1,6.00,-1,-1,-0.1,2.50,0.00
2026-05-20 18:57:21.050,0.698,-0.604,0.00,0.1,6.00,-1,-1,-0.1,2.50,0.00
2026-05-20 18:57:22.051,0.698,-0.599,0.00,0.1,6.00,-1,-1,-0.1,2.50,0.00
2026-05-20 18:57:23.051,0.703,-0.582,0.00,0.1,6.00,-1,-1,-0.1,2.50,0.00
2026-05-20 18:57:24.052,0.703,-0.571,0.00,0.1,6.00,-1,-1,-0.1,2.50,0.00
2026-05-20 18:57:25.053,0.703,-0.571,0.00,0.1,6.00,-1,-1,-0.1,2.50,0.00
2026-05-20 18:57:26.053,0.703,-0.588,0.00,0.1,6.00,-1,-1,-0.1,2.50,0.00
2026-05-20 18:57:27.055,0.703,-0.599,0.00,0.1,6.00,-1,-1,-0.1,2.50,0.00
2026-05-20 18:57:28.056,0.703,-0.593,0.00,0.1,6.00,-1,-1,-0.1,2.50,0.00
2026-05-20 18:57:29.056,0.703,-0.599,0.00,0.1,6.00,-1,-1,-0.1,2.50,0.00
2026-05-20 18:57:30.057,0.703,-0.599,0.00,0.1,6.00,-1,-1,-0.1,2.50,0.00
2026-05-20 18:57:31.058,0.703,-0.588,0.00,0.1,6.00,-1,-1,-0.1,2.50,0.00
2026-05-20 18:57:32.059,0.703,-0.571,0.00,0.1,6.00,-1,-1,-0.1,2.50,0.00
2026-05-20 18:57:33.060,0.714,-0.560,0.00,0.1,6.00,-1,-1,-0.1,2.50,0.00
2026-05-20 18:57:34.060,0.709,-0.560,0.00,0.1,6.00,-1,-1,-0.1,2.50,0.00
2026-05-20 18:57:35.062,0.709,-0.555,0.00,0.1,6.00,-1,-1,-0.1,2.50,0.00
2026-05-20 18:57:36.063,0.709,-0.560,0.00,0.1,6.00,-1,-1,-0.1,2.50,0.00
2026-05-20 18:57:37.064,0.709,-0.566,0.00,0.1,6.00,-1,-1,-0.1,2.50,0.00
2026-05-20 18:57:38.065,0.709,-0.566,0.00,0.1,6.00,-1,-1,-0.1,2.50,0.00
2026-05-20 18:57:39.066,0.703,-0.560,0.00,0.1,6.00,-1,-1,-0.1,2.50,0.00
2026-05-20 18:57:40.066,0.703,-0.560,0.00,0.1,6.00,-1,-1,-0.1,2.50,0.00
2026-05-20 18:57:41.067,0.703,-0.577,0.00,0.1,6.00,-1,-1,-0.1,2.50,0.00
2026-05-20 18:57:42.069,0.709,-0.593,0.00,0.1,6.00,-1,-1,-0.1,2.50,0.00
2026-05-20 18:57:43.069,0.709,-0.599,0.00,0.1,6.00,-1,-1,-0.1,2.50,0.00
2026-05-20 18:57:44.070,0.709,-0.599,0.00,0.1,6.00,-1,-1,-0.1,2.50,0.00
2026-05-20 18:57:45.072,0.709,-0.604,0.00,0.1,6.00,-1,-1,-0.1,2.50,0.00
2026-05-20 18:57:46.073,0.709,-0.604,0.00,0.1,6.00,-1,-1,-0.1,2.50,0.00
2026-05-20 18:57:47.074,0.714,-0.604,0.00,0.1,6.00,-1,-1,-0.1,2.50,0.00
2026-05-20 18:57:48.075,0.714,-0.604,0.00,0.1,6.00,-1,-1,-0.1,2.50,0.00
2026-05-20 18:57:49.075,0.714,-0.604,0.00,0.1,6.00,-1,-1,-0.1,2.50,0.00
2026-05-20 18:57:50.076,0.714,-0.604,0.00,0.1,6.00,-1,-1,-0.1,2.50,0.00
2026-05-20 18:57:51.077,0.714,-0.604,0.00,0.1,6.00,-1,-1,-0.1,2.50,0.00
2026-05-20 18:57:52.078,0.709,-0.604,0.00,0.1,6.00,-1,-1,-0.1,2.50,0.00
2026-05-20 18:57:53.079,0.709,-0.604,0.00,0.1,6.00,-1,-1,-0.1,2.50,0.00
2026-05-20 18:57:54.080,0.709,-0.604,0.00,0.1,6.00,-1,-1,-0.1,2.50,0.00
2026-05-20 18:57:55.080,0.709,-0.604,0.00,0.1,6.00,-1,-1,-0.1,2.50,0.00
2026-05-20 18:57:56.081,0.709,-0.604,0.00,0.1,6.00,-1,-1,-0.1,2.50,0.00
2026-05-20 18:57:57.082,0.709,-0.610,0.00,0.1,6.00,-1,-1,-0.1,2.50,0.00
2026-05-20 18:57:58.083,0.709,-0.610,0.00,0.1,6.00,-1,-1,-0.1,2.50,0.00
2026-05-20 18:57:59.084,0.709,-0.599,0.00,0.1,6.00,-1,-1,-0.1,2.50,0.00
2026-05-20 18:58:00.085,0.709,-0.582,0.00,0.1,6.00,-1,-1,-0.1,2.50,0.00
2026-05-20 18:58:01.086,0.703,-0.582,0.00,0.1,6.00,-1,-1,-0.1,2.50,0.00
2026-05-20 18:58:02.087,0.709,-0.593,0.00,0.1,6.00,-1,-1,-0.1,2.50,0.00
2026-05-20 18:58:03.088,0.703,-0.604,0.00,0.1,6.00,-1,-1,-0.1,2.50,0.00
2026-05-20 18:58:04.089,0.709,-0.604,0.00,0.1,6.00,-1,-1,-0.1,2.50,0.00
2026-05-20 18:58:05.090,0.703,-0.604,0.00,0.1,6.00,-1,-1,-0.1,2.50,0.00
2026-05-20 18:58:06.090,0.703,-0.599,0.00,0.1,6.00,-1,-1,-0.1,2.50,0.00
2026-05-20 18:58:07.092,0.703,-0.599,0.00,0.1,6.00,-1,-1,-0.1,2.50,0.00
2026-05-20 18:58:08.093,0.703,-0.593,0.00,0.1,6.00,-1,-1,-0.1,2.50,0.00
2026-05-20 18:58:09.094,0.703,-0.593,0.00,0.1,6.00,-1,-1,-0.1,2.50,0.00
2026-05-20 18:58:10.095,0.703,-0.588,0.00,0.1,6.00,-1,-1,-0.1,2.50,0.00
2026-05-20 18:58:11.096,0.703,-0.588,0.00,0.1,6.00,-1,-1,-0.1,2.50,0.00
2026-05-20 18:58:12.097,0.703,-0.588,0.00,0.1,6.00,-1,-1,-0.1,2.50,0.00
2026-05-20 18:58:13.098,0.703,-0.588,0.00,0.1,6.00,-1,-1,-0.1,2.50,0.00
2026-05-20 18:58:14.101,0.703,-0.582,0.00,0.1,6.00,-1,-1,-0.1,2.50,0.00
2026-05-20 18:58:15.102,0.703,-0.588,0.00,0.1,6.00,-1,-1,-0.1,2.50,0.00
2026-05-20 18:58:16.103,0.703,-0.588,0.00,0.1,6.00,-1,-1,-0.1,2.50,0.00
2026-05-20 18:58:17.105,0.709,-0.588,0.00,0.1,6.00,-1,-1,-0.1,2.50,0.00
2026-05-20 18:58:18.106,0.709,-0.582,0.00,0.1,6.00,-1,-1,-0.1,2.50,0.00
2026-05-20 18:58:19.107,0.709,-0.582,0.00,0.1,6.00,-1,-1,-0.1,2.50,0.00
2026-05-20 18:58:20.107,0.709,-0.582,0.00,0.1,6.00,-1,-1,-0.1,2.50,0.00
2026-05-20 18:58:21.109,0.709,-0.588,0.00,0.1,6.00,-1,-1,-0.1,2.50,0.00
2026-05-20 18:58:22.109,0.703,-0.582,0.00,0.1,6.00,-1,-1,-0.1,2.50,0.00
2026-05-20 18:58:23.110,0.703,-0.588,0.00,0.1,6.00,-1,-1,-0.1,2.50,0.00
2026-05-20 18:58:24.111,0.703,-0.588,0.00,0.1,6.00,-1,-1,-0.1,2.50,0.00
2026-05-20 18:58:25.111,0.703,-0.588,0.00,0.1,6.00,-1,-1,-0.1,2.50,0.00
2026-05-20 18:58:26.112,0.709,-0.588,0.00,0.1,6.00,-1,-1,-0.1,2.50,0.00
2026-05-20 18:58:27.112,0.703,-0.588,0.00,0.1,6.00,-1,-1,-0.1,2.50,0.00
2026-05-20 18:58:28.113,0.703,-0.588,0.00,0.1,6.00,-1,-1,-0.1,2.50,0.00
2026-05-20 18:58:29.114,0.703,-0.588,0.00,0.1,6.00,-1,-1,-0.1,2.50,0.00
2026-05-20 18:58:30.115,0.703,-0.588,0.00,0.1,6.00,-1,-1,-0.1,2.50,0.00
2026-05-20 18:58:31.116,0.703,-0.588,0.00,0.1,6.00,-1,-1,-0.1,2.50,0.00
2026-05-20 18:58:32.118,0.703,-0.588,0.00,0.1,6.00,-1,-1,-0.1,2.50,0.00
2026-05-20 18:58:33.119,0.703,-0.588,0.00,0.1,6.00,-1,-1,-0.1,2.50,0.00
2026-05-20 18:58:34.120,0.703,-0.588,0.00,0.1,6.00,-1,-1,-0.1,2.50,0.00
2026-05-20 18:58:35.121,0.709,-0.593,0.00,0.1,6.00,-1,-1,-0.1,2.50,0.00
2026-05-20 18:58:36.122,0.709,-0.593,0.00,0.1,6.00,-1,-1,-0.1,2.50,0.00
2026-05-20 18:58:37.124,0.709,-0.593,0.00,0.1,6.00,-1,-1,-0.1,2.50,0.00
2026-05-20 18:58:38.124,0.709,-0.588,0.00,0.1,6.00,-1,-1,-0.1,2.50,0.00
2026-05-20 18:58:39.126,0.709,-0.593,0.00,0.1,6.00,-1,-1,-0.1,2.50,0.00
2026-05-20 18:58:40.127,0.703,-0.593,0.00,0.1,6.00,-1,-1,-0.1,2.50,0.00
2026-05-20 18:58:41.128,0.703,-0.588,0.00,0.1,6.00,-1,-1,-0.1,2.50,0.00
2026-05-20 18:58:42.129,0.709,-0.588,0.00,0.1,6.00,-1,-1,-0.1,2.50,0.00
2026-05-20 18:58:43.130,0.709,-0.593,0.00,0.1,6.00,-1,-1,-0.1,2.50,0.00
2026-05-20 18:58:44.131,0.709,-0.582,0.00,0.1,6.00,-1,-1,-0.1,2.50,0.00
2026-05-20 18:58:45.132,0.709,-0.571,0.00,0.1,6.00,-1,-1,-0.1,2.50,0.00
2026-05-20 18:58:46.133,0.709,-0.571,0.00,0.1,6.00,-1,-1,-0.1,2.50,0.00
2026-05-20 18:58:47.134,0.709,-0.571,0.00,0.1,6.00,-1,-1,-0.1,2.50,0.00
2026-05-20 18:58:48.135,0.709,-0.571,0.00,0.1,6.00,-1,-1,-0.1,2.50,0.00
2026-05-20 18:58:49.136,0.709,-0.571,0.00,0.1,6.00,-1,-1,-0.1,2.50,0.00
2026-05-20 18:58:50.137,0.703,-0.571,0.00,0.1,6.00,-1,-1,-0.1,2.50,0.00
2026-05-20 18:58:51.138,0.709,-0.571,0.00,0.1,6.00,-1,-1,-0.1,2.50,0.00
2026-05-20 18:58:52.139,0.709,-0.571,0.00,0.1,6.00,-1,-1,-0.1,2.50,0.00
2026-05-20 18:58:53.140,0.703,-0.571,0.00,0.1,6.00,-1,-1,-0.1,2.50,0.00
2026-05-20 18:58:54.142,0.703,-0.571,0.00,0.1,6.00,-1,-1,-0.1,2.50,0.00
2026-05-20 18:58:55.142,0.703,-0.571,0.00,0.1,6.00,-1,-1,-0.1,2.50,0.00
2026-05-20 18:58:56.143,0.703,-0.571,0.00,0.1,6.00,-1,-1,-0.1,2.50,0.00
2026-05-20 18:58:57.144,0.703,-0.571,0.00,0.1,6.00,-1,-1,-0.1,2.50,0.00
2026-05-20 18:58:58.145,0.703,-0.571,0.00,0.1,6.00,-1,-1,-0.1,2.50,0.00
2026-05-20 18:58:59.147,0.703,-0.571,0.00,0.1,6.00,-1,-1,-0.1,2.50,0.00
2026-05-20 18:59:00.147,0.703,-0.588,0.00,0.1,6.00,-1,-1,-0.1,2.50,0.00
2026-05-20 18:59:01.148,0.703,-0.588,0.00,0.1,6.00,-1,-1,-0.1,2.50,0.00
2026-05-20 18:59:02.149,0.709,-0.582,0.00,0.1,6.00,-1,-1,-0.1,2.50,0.00
2026-05-20 18:59:03.150,0.709,-0.588,0.00,0.1,6.00,-1,-1,-0.1,2.50,0.00
2026-05-20 18:59:04.151,0.709,-0.588,0.00,0.1,6.00,-1,-1,-0.1,2.50,0.00
2026-05-20 18:59:05.152,0.709,-0.582,0.00,0.1,6.00,-1,-1,-0.1,2.50,0.00
2026-05-20 18:59:06.153,0.709,-0.588,0.00,0.1,6.00,-1,-1,-0.1,2.50,0.00
2026-05-20 18:59:07.154,0.703,-0.582,0.00,0.1,6.00,-1,-1,-0.1,2.50,0.00
2026-05-20 18:59:08.155,0.703,-0.577,0.00,0.1,6.00,-1,-1,-0.1,2.50,0.00
2026-05-20 18:59:09.156,0.703,-0.577,0.00,0.1,6.00,-1,-1,-0.1,2.50,0.00
2026-05-20 18:59:10.156,0.703,-0.582,0.00,0.1,6.00,-1,-1,-0.1,2.50,0.00
2026-05-20 18:59:11.157,0.709,-0.582,0.00,0.1,6.00,-1,-1,-0.1,2.50,0.00
2026-05-20 18:59:12.158,0.709,-0.582,0.00,0.1,6.00,-1,-1,-0.1,2.50,0.00
2026-05-20 18:59:13.159,0.709,-0.582,0.00,0.1,6.00,-1,-1,-0.1,2.50,0.00
2026-05-20 18:59:14.160,0.709,-0.582,0.00,0.1,6.00,-1,-1,-0.1,2.50,0.00
2026-05-20 18:59:15.160,0.709,-0.582,0.00,0.1,6.00,-1,-1,-0.1,2.50,0.00
2026-05-20 18:59:16.161,0.709,-0.582,0.00,0.1,6.00,-1,-1,-0.1,2.50,0.00
2026-05-20 18:59:17.162,0.709,-0.577,0.00,0.1,6.00,-1,-1,-0.1,2.50,0.00
2026-05-20 18:59:18.163,0.709,-0.582,0.00,0.1,6.00,-1,-1,-0.1,2.50,0.00
2026-05-20 18:59:19.163,0.709,-0.582,0.00,0.1,6.00,-1,-1,-0.1,2.50,0.00
2026-05-20 18:59:20.164,0.709,-0.582,0.00,0.1,6.00,-1,-1,-0.1,2.50,0.00
2026-05-20 18:59:21.165,0.709,-0.582,0.00,0.1,6.00,-1,-1,-0.1,2.50,0.00
2026-05-20 18:59:22.166,0.709,-0.582,0.00,0.1,6.00,-1,-1,-0.1,2.50,0.00
2026-05-20 18:59:23.166,0.709,-0.582,0.00,0.1,6.00,-1,-1,-0.1,2.50,0.00
2026-05-20 18:59:24.167,0.703,-0.588,0.00,0.1,6.00,-1,-1,-0.1,2.50,0.00
2026-05-20 18:59:25.168,0.703,-0.588,0.00,0.1,6.00,-1,-1,-0.1,2.50,0.00
2026-05-20 18:59:26.169,0.709,-0.588,0.00,0.1,6.00,-1,-1,-0.1,2.50,0.00
2026-05-20 18:59:27.171,0.709,-0.588,0.00,0.1,6.00,-1,-1,-0.1,2.50,0.00
2026-05-20 18:59:28.172,0.709,-0.588,0.00,0.1,6.00,-1,-1,-0.1,2.50,0.00
2026-05-20 18:59:29.172,0.703,-0.588,0.00,0.1,6.00,-1,-1,-0.1,2.50,0.00
2026-05-20 18:59:30.173,0.703,-0.588,0.00,0.1,6.00,-1,-1,-0.1,2.50,0.00
2026-05-20 18:59:31.175,0.703,-0.582,0.00,0.1,6.00,-1,-1,-0.1,2.50,0.00
2026-05-20 18:59:32.176,0.703,-0.582,0.00,0.1,6.00,-1,-1,-0.1,2.50,0.00
2026-05-20 18:59:33.177,0.703,-0.582,0.00,0.1,6.00,-1,-1,-0.1,2.50,0.00
2026-05-20 18:59:34.177,0.703,-0.577,0.00,0.1,6.00,-1,-1,-0.1,2.50,0.00
2026-05-20 18:59:35.178,0.703,-0.582,0.00,0.1,6.00,-1,-1,-0.1,2.50,0.00
2026-05-20 18:59:36.179,0.709,-0.582,0.00,0.1,6.00,-1,-1,-0.1,2.50,0.00
2026-05-20 18:59:37.180,0.709,-0.577,0.00,0.1,6.00,-1,-1,-0.1,2.50,0.00
2026-05-20 18:59:38.181,0.709,-0.577,0.00,0.1,6.00,-1,-1,-0.1,2.50,0.00
2026-05-20 18:59:39.182,0.709,-0.582,0.00,0.1,6.00,-1,-1,-0.1,2.50,0.00
2026-05-20 18:59:40.183,0.709,-0.582,0.00,0.1,6.00,-1,-1,-0.1,2.50,0.00
2026-05-20 18:59:41.183,0.709,-0.588,0.00,0.1,6.00,-1,-1,-0.1,2.50,0.00
2026-05-20 18:59:42.185,0.709,-0.582,0.00,0.1,6.00,-1,-1,-0.1,2.50,0.00
2026-05-20 18:59:43.186,0.709,-0.588,0.00,0.1,6.00,-1,-1,-0.1,2.50,0.00
2026-05-20 18:59:44.187,0.709,-0.588,0.00,0.1,6.00,-1,-1,-0.1,2.50,0.00
2026-05-20 18:59:45.187,0.709,-0.588,0.00,0.1,6.00,-1,-1,-0.1,2.50,0.00
2026-05-20 18:59:46.188,0.709,-0.577,0.00,0.1,6.00,-1,-1,-0.1,2.50,0.00
2026-05-20 18:59:47.188,0.709,-0.577,0.00,0.1,6.00,-1,-1,-0.1,2.50,0.00
2026-05-20 18:59:48.189,0.709,-0.582,0.00,0.1,6.00,-1,-1,-0.1,2.50,0.00
2026-05-20 18:59:49.190,0.709,-0.577,0.00,0.1,6.00,-1,-1,-0.1,2.50,0.00
2026-05-20 18:59:50.191,0.709,-0.582,0.00,0.1,6.00,-1,-1,-0.1,2.50,0.00
2026-05-20 18:59:51.192,0.709,-0.582,0.00,0.1,6.00,-1,-1,-0.1,2.50,0.00
2026-05-20 18:59:52.193,0.703,-0.588,0.00,0.1,6.00,-1,-1,-0.1,2.50,0.00
2026-05-20 18:59:53.193,0.709,-0.588,0.00,0.1,6.00,-1,-1,-0.1,2.50,0.00
2026-05-20 18:59:54.194,0.709,-0.588,0.00,0.1,6.00,-1,-1,-0.1,2.50,0.00
2026-05-20 18:59:55.194,0.709,-0.588,0.00,0.1,6.00,-1,-1,-0.1,2.50,0.00
2026-05-20 18:59:56.196,0.709,-0.588,0.00,0.1,6.00,-1,-1,-0.1,2.50,0.00
2026-05-20 18:59:57.196,0.709,-0.588,0.00,0.1,6.00,-1,-1,-0.1,2.50,0.00
2026-05-20 18:59:58.197,0.709,-0.593,0.00,0.1,6.00,-1,-1,-0.1,2.50,0.00
2026-05-20 18:59:59.198,0.709,-0.599,0.00,0.1,6.00,-1,-1,-0.1,2.50,0.00
2026-05-20 19:00:00.199,0.709,-0.604,0.00,0.1,6.00,-1,-1,-0.1,2.50,0.00
2026-05-20 19:00:01.200,0.709,-0.599,0.00,0.1,6.00,-1,-1,-0.1,2.50,0.00
2026-05-20 19:00:02.201,0.709,-0.593,0.00,0.1,6.00,-1,-1,-0.1,2.50,0.00
2026-05-20 19:00:03.202,0.709,-0.593,0.00,0.1,6.00,-1,-1,-0.1,2.50,0.00
2026-05-20 19:00:04.204,0.709,-0.588,0.00,0.1,6.00,-1,-1,-0.1,2.50,0.00
2026-05-20 19:00:05.205,0.709,-0.588,0.00,0.1,6.00,-1,-1,-0.1,2.50,0.00
2026-05-20 19:00:06.206,0.709,-0.593,0.00,0.1,6.00,-1,-1,-0.1,2.50,0.00
2026-05-20 19:00:07.207,0.709,-0.588,0.00,0.1,6.00,-1,-1,-0.1,2.50,0.00
2026-05-20 19:00:08.207,0.709,-0.588,0.00,0.1,6.00,-1,-1,-0.1,2.50,0.00
2026-05-20 19:00:09.208,0.709,-0.593,0.00,0.1,6.00,-1,-1,-0.1,2.50,0.00
2026-05-20 19:00:10.209,0.709,-0.593,0.00,0.1,6.00,-1,-1,-0.1,2.50,0.00
2026-05-20 19:00:11.210,0.709,-0.577,0.00,0.1,6.00,-1,-1,-0.1,2.50,0.00
2026-05-20 19:00:12.211,0.709,-0.582,0.00,0.1,6.00,-1,-1,-0.1,2.50,0.00
2026-05-20 19:00:13.212,0.709,-0.588,0.00,0.1,6.00,-1,-1,-0.1,2.50,0.00
2026-05-20 19:00:14.213,0.709,-0.577,0.00,0.1,6.00,-1,-1,-0.1,2.50,0.00
2026-05-20 19:00:15.214,0.709,-0.571,0.00,0.1,6.00,-1,-1,-0.1,2.50,0.00
2026-05-20 19:00:16.215,0.709,-0.571,0.00,0.1,6.00,-1,-1,-0.1,2.50,0.00
2026-05-20 19:00:17.216,0.709,-0.571,0.00,0.1,6.00,-1,-1,-0.1,2.50,0.00
2026-05-20 19:00:18.216,0.709,-0.571,0.00,0.1,6.00,-1,-1,-0.1,2.50,0.00
2026-05-20 19:00:19.217,0.709,-0.571,0.00,0.1,6.00,-1,-1,-0.1,2.50,0.00
2026-05-20 19:00:20.218,0.709,-0.571,0.00,0.1,6.00,-1,-1,-0.1,2.50,0.00
2026-05-20 19:00:21.219,0.709,-0.571,0.00,0.1,6.00,-1,-1,-0.1,2.50,0.00
2026-05-20 19:00:22.219,0.709,-0.571,0.00,0.1,6.00,-1,-1,-0.1,2.50,0.00
2026-05-20 19:00:23.221,0.709,-0.566,0.00,0.1,6.00,-1,-1,-0.1,2.50,0.00
2026-05-20 19:00:24.222,0.703,-0.571,0.00,0.1,6.00,-1,-1,-0.1,2.50,0.00
2026-05-20 19:00:25.223,0.709,-0.566,0.00,0.1,6.00,-1,-1,-0.1,2.50,0.00
2026-05-20 19:00:26.224,0.703,-0.571,0.00,0.1,6.00,-1,-1,-0.1,2.50,0.00
2026-05-20 19:00:27.225,0.709,-0.571,0.00,0.1,6.00,-1,-1,-0.1,2.50,0.00
2026-05-20 19:00:28.226,0.709,-0.571,0.00,0.1,6.00,-1,-1,-0.1,2.50,0.00
2026-05-20 19:00:29.226,0.709,-0.571,0.00,0.1,6.00,-1,-1,-0.1,2.50,0.00
2026-05-20 19:00:30.227,0.703,-0.566,0.00,0.1,6.00,-1,-1,-0.1,2.50,0.00
2026-05-20 19:00:31.228,0.698,-0.555,0.00,0.1,6.00,-1,-1,-0.1,2.50,0.00
2026-05-20 19:00:32.229,0.703,-0.555,0.00,0.1,6.00,-1,-1,-0.1,2.50,0.00
2026-05-20 19:00:33.230,0.709,-0.560,0.00,0.1,6.00,-1,-1,-0.1,2.50,0.00
2026-05-20 19:00:34.231,0.709,-0.560,0.00,0.1,6.00,-1,-1,-0.1,2.50,0.00
2026-05-20 19:00:35.232,0.703,-0.549,0.00,0.1,6.00,-1,-1,-0.1,2.50,0.00
2026-05-20 19:00:36.233,0.703,-0.555,0.00,0.1,6.00,-1,-1,-0.1,2.50,0.00
2026-05-20 19:00:37.234,0.709,-0.555,0.00,0.1,6.00,-1,-1,-0.1,2.50,0.00
2026-05-20 19:00:38.235,0.703,-0.560,0.00,0.1,6.00,-1,-1,-0.1,2.50,0.00
2026-05-20 19:00:39.237,0.703,-0.566,0.00,0.1,6.00,-1,-1,-0.1,2.50,0.00
2026-05-20 19:00:40.238,0.703,-0.555,0.00,0.1,6.00,-1,-1,-0.1,2.50,0.00
2026-05-20 19:00:41.238,0.703,-0.560,0.00,0.1,6.00,-1,-1,-0.1,2.50,0.00
2026-05-20 19:00:42.239,0.703,-0.560,0.00,0.1,6.00,-1,-1,-0.1,2.50,0.00
2026-05-20 19:00:43.240,0.703,-0.555,0.00,0.1,6.00,-1,-1,-0.1,2.50,0.00
2026-05-20 19:00:44.241,0.703,-0.560,0.00,0.1,6.00,-1,-1,-0.1,2.50,0.00
2026-05-20 19:00:45.242,0.703,-0.560,0.00,0.1,6.00,-1,-1,-0.1,2.50,0.00
2026-05-20 19:00:46.243,0.703,-0.560,0.00,0.1,6.00,-1,-1,-0.1,2.50,0.00
2026-05-20 19:00:47.244,0.703,-0.566,0.00,0.1,6.00,-1,-1,-0.1,2.50,0.00
2026-05-20 19:00:48.245,0.703,-0.566,0.00,0.1,6.00,-1,-1,-0.1,2.50,0.00
2026-05-20 19:00:49.246,0.703,-0.566,0.00,0.1,6.00,-1,-1,-0.1,2.50,0.00
2026-05-20 19:00:50.246,0.703,-0.571,0.00,0.1,6.00,-1,-1,-0.1,2.50,0.00
2026-05-20 19:00:51.247,0.703,-0.571,0.00,0.1,6.00,-1,-1,-0.1,2.50,0.00
2026-05-20 19:00:52.247,0.703,-0.571,0.00,0.1,6.00,-1,-1,-0.1,2.50,0.00
2026-05-20 19:00:53.248,0.703,-0.571,0.00,0.1,6.00,-1,-1,-0.1,2.50,0.00
2026-05-20 19:00:54.249,0.709,-0.571,0.00,0.1,6.00,-1,-1,-0.1,2.50,0.00
2026-05-20 19:00:55.249,0.709,-0.571,0.00,0.1,6.00,-1,-1,-0.1,2.50,0.00
2026-05-20 19:00:56.250,0.709,-0.582,0.00,0.1,6.00,-1,-1,-0.1,2.50,0.00
2026-05-20 19:00:57.251,0.709,-0.571,0.00,0.1,6.00,-1,-1,-0.1,2.50,0.00
2026-05-20 19:00:58.252,0.709,-0.571,0.00,0.1,6.00,-1,-1,-0.1,2.50,0.00
2026-05-20 19:00:59.253,0.709,-0.566,0.00,0.1,6.00,-1,-1,-0.1,2.50,0.00
2026-05-20 19:01:00.254,0.714,-0.577,0.00,0.1,6.00,-1,-1,-0.1,2.50,0.00
2026-05-20 19:01:01.256,0.709,-0.555,0.00,0.1,6.00,-1,-1,-0.1,2.50,0.00
2026-05-20 19:01:02.257,0.703,-0.560,0.00,0.1,6.00,-1,-1,-0.1,2.50,0.00
2026-05-20 19:01:03.258,0.703,-0.566,0.00,0.1,6.00,-1,-1,-0.1,2.50,0.00
2026-05-20 19:01:04.259,0.703,-0.566,0.00,0.1,6.00,-1,-1,-0.1,2.50,0.00
2026-05-20 19:01:05.259,0.703,-0.566,0.00,0.1,6.00,-1,-1,-0.1,2.50,0.00
2026-05-20 19:01:06.260,0.703,-0.566,0.00,0.1,6.00,-1,-1,-0.1,2.50,0.00
2026-05-20 19:01:07.261,0.703,-0.571,0.00,0.1,6.00,-1,-1,-0.1,2.50,0.00
2026-05-20 19:01:08.262,0.703,-0.577,0.00,0.1,6.00,-1,-1,-0.1,2.50,0.00
2026-05-20 19:01:09.262,0.709,-0.577,0.00,0.1,6.00,-1,-1,-0.1,2.50,0.00
2026-05-20 19:01:10.263,0.703,-0.577,0.00,0.1,6.00,-1,-1,-0.1,2.50,0.00
2026-05-20 19:01:11.264,0.703,-0.577,0.00,0.1,6.00,-1,-1,-0.1,2.50,0.00
2026-05-20 19:01:12.266,0.709,-0.582,0.00,0.1,6.00,-1,-1,-0.1,2.50,0.00
2026-05-20 19:01:13.267,0.709,-0.582,0.00,0.1,6.00,-1,-1,-0.1,2.50,0.00
2026-05-20 19:01:14.268,0.709,-0.582,0.00,0.1,6.00,-1,-1,-0.1,2.50,0.00
2026-05-20 19:01:15.269,0.709,-0.582,0.00,0.1,6.00,-1,-1,-0.1,2.50,0.00
2026-05-20 19:01:16.270,0.709,-0.582,0.00,0.1,6.00,-1,-1,-0.1,2.50,0.00
2026-05-20 19:01:17.271,0.703,-0.582,0.00,0.1,6.00,-1,-1,-0.1,2.50,0.00
2026-05-20 19:01:18.272,0.703,-0.582,0.00,0.1,6.00,-1,-1,-0.1,2.50,0.00
2026-05-20 19:01:19.273,0.703,-0.582,0.00,0.1,6.00,-1,-1,-0.1,2.50,0.00
2026-05-20 19:01:20.273,0.703,-0.582,0.00,0.1,6.00,-1,-1,-0.1,2.50,0.00
2026-05-20 19:01:21.274,0.703,-0.582,0.00,0.1,6.00,-1,-1,-0.1,2.50,0.00
2026-05-20 19:01:22.274,0.703,-0.582,0.00,0.1,6.00,-1,-1,-0.1,2.50,0.00
2026-05-20 19:01:23.276,0.703,-0.582,0.00,0.1,6.00,-1,-1,-0.1,2.50,0.00
2026-05-20 19:01:24.276,0.709,-0.582,0.00,0.1,6.00,-1,-1,-0.1,2.50,0.00
2026-05-20 19:01:25.277,0.703,-0.582,0.00,0.1,6.00,-1,-1,-0.1,2.50,0.00
2026-05-20 19:01:26.278,0.709,-0.582,0.00,0.1,6.00,-1,-1,-0.1,2.50,0.00
2026-05-20 19:01:27.279,0.703,-0.582,0.00,0.1,6.00,-1,-1,-0.1,2.50,0.00
2026-05-20 19:01:28.280,0.703,-0.582,0.00,0.1,6.00,-1,-1,-0.1,2.50,0.00
2026-05-20 19:01:29.281,0.703,-0.582,0.00,0.1,6.00,-1,-1,-0.1,2.50,0.00
2026-05-20 19:01:30.282,0.709,-0.588,0.00,0.1,6.00,-1,-1,-0.1,2.50,0.00
2026-05-20 19:01:31.283,0.703,-0.582,0.00,0.1,6.00,-1,-1,-0.1,2.50,0.00
2026-05-20 19:01:32.284,0.709,-0.582,0.00,0.1,6.00,-1,-1,-0.1,2.50,0.00
2026-05-20 19:01:33.285,0.709,-0.582,0.00,0.1,6.00,-1,-1,-0.1,2.50,0.00
2026-05-20 19:01:34.285,0.703,-0.582,0.00,0.1,6.00,-1,-1,-0.1,2.50,0.00
2026-05-20 19:01:35.286,0.703,-0.582,0.00,0.1,6.00,-1,-1,-0.1,2.50,0.00
2026-05-20 19:01:36.286,0.709,-0.582,0.00,0.1,6.00,-1,-1,-0.1,2.50,0.00
2026-05-20 19:01:37.287,0.709,-0.582,0.00,0.1,6.00,-1,-1,-0.1,2.50,0.00
2026-05-20 19:01:38.288,0.709,-0.582,0.00,0.1,6.00,-1,-1,-0.1,2.50,0.00
2026-05-20 19:01:39.289,0.709,-0.588,0.00,0.1,6.00,-1,-1,-0.1,2.50,0.00
2026-05-20 19:01:40.290,0.709,-0.588,0.00,0.1,6.00,-1,-1,-0.1,2.50,0.00
2026-05-20 19:01:41.290,0.709,-0.588,0.00,0.1,6.00,-1,-1,-0.1,2.50,0.00
2026-05-20 19:01:42.291,0.709,-0.588,0.00,0.1,6.00,-1,-1,-0.1,2.50,0.00
2026-05-20 19:01:43.292,0.703,-0.588,0.00,0.1,6.00,-1,-1,-0.1,2.50,0.00
2026-05-20 19:01:44.293,0.709,-0.588,0.00,0.1,6.00,-1,-1,-0.1,2.50,0.00
2026-05-20 19:01:45.295,0.709,-0.582,0.00,0.1,6.00,-1,-1,-0.1,2.50,0.00
2026-05-20 19:01:46.295,0.709,-0.582,0.00,0.1,6.00,-1,-1,-0.1,2.50,0.00
2026-05-20 19:01:47.296,0.709,-0.582,0.00,0.1,6.00,-1,-1,-0.1,2.50,0.00
2026-05-20 19:01:48.297,0.709,-0.582,0.00,0.1,6.00,-1,-1,-0.1,2.50,0.00
2026-05-20 19:01:49.298,0.709,-0.582,0.00,0.1,6.00,-1,-1,-0.1,2.50,0.00
2026-05-20 19:01:50.299,0.703,-0.582,0.00,0.1,6.00,-1,-1,-0.1,2.50,0.00
2026-05-20 19:01:51.299,0.709,-0.582,0.00,0.1,6.00,-1,-1,-0.1,2.50,0.00
2026-05-20 19:01:52.301,0.709,-0.582,0.00,0.1,6.00,-1,-1,-0.1,2.50,0.00
2026-05-20 19:01:53.301,0.703,-0.577,0.00,0.1,6.00,-1,-1,-0.1,2.50,0.00
2026-05-20 19:01:54.302,0.709,-0.577,0.00,0.1,6.00,-1,-1,-0.1,2.50,0.00
2026-05-20 19:01:55.303,0.703,-0.571,0.00,0.1,6.00,-1,-1,-0.1,2.50,0.00
2026-05-20 19:01:56.304,0.709,-0.577,0.00,0.1,6.00,-1,-1,-0.1,2.50,0.00
2026-05-20 19:01:57.304,0.703,-0.593,0.00,0.1,6.00,-1,-1,-0.1,2.50,0.00
2026-05-20 19:01:58.306,0.703,-0.604,0.00,0.1,6.00,-1,-1,-0.1,2.50,0.00
2026-05-20 19:01:59.307,0.703,-0.599,0.00,0.1,6.00,-1,-1,-0.1,2.50,0.00
2026-05-20 19:02:00.308,0.709,-0.604,0.00,0.1,6.00,-1,-1,-0.1,2.50,0.00
2026-05-20 19:02:01.309,0.703,-0.604,0.00,0.1,6.00,-1,-1,-0.1,2.50,0.00
2026-05-20 19:02:02.310,0.709,-0.604,0.00,0.1,6.00,-1,-1,-0.1,2.50,0.00
2026-05-20 19:02:03.311,0.709,-0.599,0.00,0.1,6.00,-1,-1,-0.1,2.50,0.00
2026-05-20 19:02:04.312,0.709,-0.604,0.00,0.1,6.00,-1,-1,-0.1,2.50,0.00
2026-05-20 19:02:05.313,0.703,-0.610,0.00,0.1,6.00,-1,-1,-0.1,2.50,0.00
2026-05-20 19:02:06.314,0.703,-0.615,0.00,0.1,6.00,-1,-1,-0.1,2.50,0.00
2026-05-20 19:02:07.314,0.703,-0.615,0.00,0.1,6.00,-1,-1,-0.1,2.50,0.00
2026-05-20 19:02:08.315,0.709,-0.610,0.00,0.1,6.00,-1,-1,-0.1,2.50,0.00
2026-05-20 19:02:09.317,0.709,-0.610,0.00,0.1,6.00,-1,-1,-0.1,2.50,0.00
2026-05-20 19:02:10.317,0.709,-0.604,0.00,0.1,6.00,-1,-1,-0.1,2.50,0.00
2026-05-20 19:02:11.318,0.709,-0.604,0.00,0.1,6.00,-1,-1,-0.1,2.50,0.00
2026-05-20 19:02:12.319,0.709,-0.604,0.00,0.1,6.00,-1,-1,-0.1,2.50,0.00
2026-05-20 19:02:13.319,0.709,-0.604,0.00,0.1,6.00,-1,-1,-0.1,2.50,0.00
2026-05-20 19:02:14.320,0.703,-0.604,0.00,0.1,6.00,-1,-1,-0.1,2.50,0.00
2026-05-20 19:02:15.320,0.709,-0.604,0.00,0.1,6.00,-1,-1,-0.1,2.50,0.00
2026-05-20 19:02:16.322,0.709,-0.599,0.00,0.1,6.00,-1,-1,-0.1,2.50,0.00
2026-05-20 19:02:17.323,0.709,-0.593,0.00,0.1,6.00,-1,-1,-0.1,2.50,0.00
2026-05-20 19:02:18.324,0.709,-0.588,0.00,0.1,6.00,-1,-1,-0.1,2.50,0.00
2026-05-20 19:02:19.325,0.709,-0.588,0.00,0.1,6.00,-1,-1,-0.1,2.50,0.00
2026-05-20 19:02:20.326,0.709,-0.588,0.00,0.1,6.00,-1,-1,-0.1,2.50,0.00
2026-05-20 19:02:21.327,0.709,-0.588,0.00,0.1,6.00,-1,-1,-0.1,2.50,0.00
2026-05-20 19:02:22.328,0.709,-0.588,0.00,0.1,6.00,-1,-1,-0.1,2.50,0.00
2026-05-20 19:02:23.329,0.703,-0.582,0.00,0.1,6.00,-1,-1,-0.1,2.50,0.00
2026-05-20 19:02:24.330,0.703,-0.582,0.00,0.1,6.00,-1,-1,-0.1,2.50,0.00
2026-05-20 19:02:25.331,0.709,-0.588,0.00,0.1,6.00,-1,-1,-0.1,2.50,0.00
2026-05-20 19:02:26.332,0.709,-0.588,0.00,0.1,6.00,-1,-1,-0.1,2.50,0.00
2026-05-20 19:02:27.333,0.709,-0.593,0.00,0.1,6.00,-1,-1,-0.1,2.50,0.00
2026-05-20 19:02:28.334,0.709,-0.588,0.00,0.1,6.00,-1,-1,-0.1,2.50,0.00
2026-05-20 19:02:29.334,0.703,-0.582,0.00,0.1,6.00,-1,-1,-0.1,2.50,0.00
2026-05-20 19:02:30.336,0.703,-0.582,0.00,0.1,6.00,-1,-1,-0.1,2.50,0.00
2026-05-20 19:02:31.336,0.709,-0.582,0.00,0.1,6.00,-1,-1,-0.1,2.50,0.00
2026-05-20 19:02:32.337,0.709,-0.582,0.00,0.1,6.00,-1,-1,-0.1,2.50,0.00
2026-05-20 19:02:33.338,0.703,-0.582,0.00,0.1,6.00,-1,-1,-0.1,2.50,0.00
2026-05-20 19:02:34.340,0.703,-0.582,0.00,0.1,6.00,-1,-1,-0.1,2.50,0.00
2026-05-20 19:02:35.341,0.709,-0.582,0.00,0.1,6.00,-1,-1,-0.1,2.50,0.00
2026-05-20 19:02:36.342,0.709,-0.582,0.00,0.1,6.00,-1,-1,-0.1,2.50,0.00
2026-05-20 19:02:37.343,0.709,-0.582,0.00,0.1,6.00,-1,-1,-0.1,2.50,0.00
2026-05-20 19:02:38.343,0.703,-0.577,0.00,0.1,6.00,-1,-1,-0.1,2.50,0.00
2026-05-20 19:02:39.344,0.709,-0.577,0.00,0.1,6.00,-1,-1,-0.1,2.50,0.00
2026-05-20 19:02:40.344,0.703,-0.577,0.00,0.1,6.00,-1,-1,-0.1,2.50,0.00
2026-05-20 19:02:41.345,0.703,-0.582,0.00,0.1,6.00,-1,-1,-0.1,2.50,0.00
2026-05-20 19:02:42.347,0.703,-0.582,0.00,0.1,6.00,-1,-1,-0.1,2.50,0.00
2026-05-20 19:02:43.347,0.703,-0.577,0.00,0.1,6.00,-1,-1,-0.1,2.50,0.00
2026-05-20 19:02:44.348,0.703,-0.577,0.00,0.1,6.00,-1,-1,-0.1,2.50,0.00
2026-05-20 19:02:45.349,0.703,-0.577,0.00,0.1,6.00,-1,-1,-0.1,2.50,0.00
2026-05-20 19:02:46.351,0.703,-0.577,0.00,0.1,6.00,-1,-1,-0.1,2.50,0.00
2026-05-20 19:02:47.352,0.703,-0.577,0.00,0.1,6.00,-1,-1,-0.1,2.50,0.00
2026-05-20 19:02:48.353,0.703,-0.577,0.00,0.1,6.00,-1,-1,-0.1,2.50,0.00
2026-05-20 19:02:49.354,0.703,-0.577,0.00,0.1,6.00,-1,-1,-0.1,2.50,0.00
2026-05-20 19:02:50.355,0.703,-0.577,0.00,0.1,6.00,-1,-1,-0.1,2.50,0.00
2026-05-20 19:02:51.356,0.703,-0.588,0.00,0.1,6.00,-1,-1,-0.1,2.50,0.00
2026-05-20 19:02:52.357,0.703,-0.593,0.00,0.1,6.00,-1,-1,-0.1,2.50,0.00
2026-05-20 19:02:53.357,0.703,-0.599,0.00,0.1,6.00,-1,-1,-0.1,2.50,0.00
2026-05-20 19:02:54.358,0.709,-0.599,0.00,0.1,6.00,-1,-1,-0.1,2.50,0.00
2026-05-20 19:02:55.359,0.709,-0.599,0.00,0.1,6.00,-1,-1,-0.1,2.50,0.00
2026-05-20 19:02:56.360,0.703,-0.604,0.00,0.1,6.00,-1,-1,-0.1,2.50,0.00
2026-05-20 19:02:57.361,0.703,-0.599,0.00,0.1,6.00,-1,-1,-0.1,2.50,0.00
2026-05-20 19:02:58.363,0.703,-0.593,0.00,0.1,6.00,-1,-1,-0.1,2.50,0.00
2026-05-20 19:02:59.364,0.709,-0.593,0.00,0.1,6.00,-1,-1,-0.1,2.50,0.00
2026-05-20 19:03:00.364,0.709,-0.588,0.00,0.1,6.00,-1,-1,-0.1,2.50,0.00
2026-05-20 19:03:01.365,0.703,-0.588,0.00,0.1,6.00,-1,-1,-0.1,2.50,0.00
2026-05-20 19:03:02.367,0.703,-0.588,0.00,0.1,6.00,-1,-1,-0.1,2.50,0.00
2026-05-20 19:03:03.368,0.703,-0.582,0.00,0.1,6.00,-1,-1,-0.1,2.50,0.00
2026-05-20 19:03:04.369,0.703,-0.582,0.00,0.1,6.00,-1,-1,-0.1,2.50,0.00
2026-05-20 19:03:05.370,0.703,-0.582,0.00,0.1,6.00,-1,-1,-0.1,2.50,0.00
2026-05-20 19:03:06.371,0.703,-0.582,0.00,0.1,6.00,-1,-1,-0.1,2.50,0.00
2026-05-20 19:03:07.372,0.709,-0.582,0.00,0.1,6.00,-1,-1,-0.1,2.50,0.00
2026-05-20 19:03:08.374,0.703,-0.582,0.00,0.1,6.00,-1,-1,-0.1,2.50,0.00
2026-05-20 19:03:09.375,0.703,-0.582,0.00,0.1,6.00,-1,-1,-0.1,2.50,0.00
2026-05-20 19:03:10.376,0.703,-0.582,0.00,0.1,6.00,-1,-1,-0.1,2.50,0.00
2026-05-20 19:03:11.377,0.703,-0.582,0.00,0.1,6.00,-1,-1,-0.1,2.50,0.00
2026-05-20 19:03:12.378,0.703,-0.582,0.00,0.1,6.00,-1,-1,-0.1,2.50,0.00
2026-05-20 19:03:13.379,0.703,-0.588,0.00,0.1,6.00,-1,-1,-0.1,2.50,0.00
2026-05-20 19:03:14.380,0.703,-0.582,0.00,0.1,6.00,-1,-1,-0.1,2.50,0.00
2026-05-20 19:03:15.381,0.703,-0.582,0.00,0.1,6.00,-1,-1,-0.1,2.50,0.00
2026-05-20 19:03:16.382,0.703,-0.582,0.00,0.1,6.00,-1,-1,-0.1,2.50,0.00
2026-05-20 19:03:17.383,0.709,-0.593,0.00,0.1,6.00,-1,-1,-0.1,2.50,0.00
2026-05-20 19:03:18.383,0.709,-0.593,0.00,0.1,6.00,-1,-1,-0.1,2.50,0.00
2026-05-20 19:03:19.384,0.709,-0.599,0.00,0.1,6.00,-1,-1,-0.1,2.50,0.00
2026-05-20 19:03:20.384,0.709,-0.599,0.00,0.1,6.00,-1,-1,-0.1,2.50,0.00
2026-05-20 19:03:21.385,0.709,-0.599,0.00,0.1,6.00,-1,-1,-0.1,2.50,0.00
2026-05-20 19:03:22.386,0.709,-0.599,0.00,0.1,6.00,-1,-1,-0.1,2.50,0.00
2026-05-20 19:03:23.387,0.703,-0.604,0.00,0.1,6.00,-1,-1,-0.1,2.50,0.00
2026-05-20 19:03:24.388,0.709,-0.599,0.00,0.1,6.00,-1,-1,-0.1,2.50,0.00
2026-05-20 19:03:25.390,0.709,-0.599,0.00,0.1,6.00,-1,-1,-0.1,2.50,0.00
2026-05-20 19:03:26.391,0.703,-0.593,0.00,0.1,6.00,-1,-1,-0.1,2.50,0.00
2026-05-20 19:03:27.392,0.709,-0.593,0.00,0.1,6.00,-1,-1,-0.1,2.50,0.00
2026-05-20 19:03:28.393,0.709,-0.593,0.00,0.1,6.00,-1,-1,-0.1,2.50,0.00
2026-05-20 19:03:29.395,0.709,-0.599,0.00,0.1,6.00,-1,-1,-0.1,2.50,0.00
2026-05-20 19:03:30.395,0.709,-0.604,0.00,0.1,6.00,-1,-1,-0.1,2.50,0.00
2026-05-20 19:03:31.396,0.709,-0.604,0.00,0.1,6.00,-1,-1,-0.1,2.50,0.00
2026-05-20 19:03:32.397,0.709,-0.610,0.00,0.1,6.00,-1,-1,-0.1,2.50,0.00
2026-05-20 19:03:33.398,0.709,-0.610,0.00,0.1,6.00,-1,-1,-0.1,2.50,0.00
2026-05-20 19:03:34.399,0.709,-0.610,0.00,0.1,6.00,-1,-1,-0.1,2.50,0.00
2026-05-20 19:03:35.400,0.709,-0.610,0.00,0.1,6.00,-1,-1,-0.1,2.50,0.00
2026-05-20 19:03:36.401,0.709,-0.610,0.00,0.1,6.00,-1,-1,-0.1,2.50,0.00
2026-05-20 19:03:37.402,0.709,-0.610,0.00,0.1,6.00,-1,-1,-0.1,2.50,0.00
2026-05-20 19:03:38.403,0.709,-0.610,0.00,0.1,6.00,-1,-1,-0.1,2.50,0.00
2026-05-20 19:03:39.404,0.709,-0.610,0.00,0.1,6.00,-1,-1,-0.1,2.50,0.00
2026-05-20 19:03:40.405,0.709,-0.610,0.00,0.1,6.00,-1,-1,-0.1,2.50,0.00
2026-05-20 19:03:41.406,0.709,-0.610,0.00,0.1,6.00,-1,-1,-0.1,2.50,0.00
2026-05-20 19:03:42.407,0.714,-0.610,0.00,0.1,6.00,-1,-1,-0.1,2.50,0.00
2026-05-20 19:03:43.408,0.714,-0.604,0.00,0.1,6.00,-1,-1,-0.1,2.50,0.00
2026-05-20 19:03:44.410,0.714,-0.604,0.00,0.1,6.00,-1,-1,-0.1,2.50,0.00
2026-05-20 19:03:45.410,0.714,-0.610,0.00,0.1,6.00,-1,-1,-0.1,2.50,0.00
2026-05-20 19:03:46.411,0.709,-0.610,0.00,0.1,6.00,-1,-1,-0.1,2.50,0.00
2026-05-20 19:03:47.412,0.709,-0.604,0.00,0.1,6.00,-1,-1,-0.1,2.50,0.00
2026-05-20 19:03:48.413,0.709,-0.604,0.00,0.1,6.00,-1,-1,-0.1,2.50,0.00
2026-05-20 19:03:49.414,0.709,-0.604,0.00,0.1,6.00,-1,-1,-0.1,2.50,0.00
2026-05-20 19:03:50.415,0.709,-0.604,0.00,0.1,6.00,-1,-1,-0.1,2.50,0.00
2026-05-20 19:03:51.417,0.709,-0.604,0.00,0.1,6.00,-1,-1,-0.1,2.50,0.00
2026-05-20 19:03:52.418,0.709,-0.604,0.00,0.1,6.00,-1,-1,-0.1,2.50,0.00
2026-05-20 19:03:53.418,0.709,-0.604,0.00,0.1,6.00,-1,-1,-0.1,2.50,0.00
2026-05-20 19:03:54.419,0.709,-0.604,0.00,0.1,6.00,-1,-1,-0.1,2.50,0.00
2026-05-20 19:03:55.421,0.709,-0.604,0.00,0.1,6.00,-1,-1,-0.1,2.50,0.00
2026-05-20 19:03:56.422,0.709,-0.604,0.00,0.1,6.00,-1,-1,-0.1,2.50,0.00
2026-05-20 19:03:57.423,0.709,-0.610,0.00,0.1,6.00,-1,-1,-0.1,2.50,0.00
2026-05-20 19:03:58.424,0.709,-0.604,0.00,0.1,6.00,-1,-1,-0.1,2.50,0.00
2026-05-20 19:03:59.425,0.709,-0.610,0.00,0.1,6.00,-1,-1,-0.1,2.50,0.00
2026-05-20 19:04:00.427,0.709,-0.604,0.00,0.1,6.00,-1,-1,-0.1,2.50,0.00
2026-05-20 19:04:01.428,0.709,-0.604,0.00,0.1,6.00,-1,-1,-0.1,2.50,0.00
2026-05-20 19:04:02.429,0.709,-0.604,0.00,0.1,6.00,-1,-1,-0.1,2.50,0.00
2026-05-20 19:04:03.430,0.709,-0.604,0.00,0.1,6.00,-1,-1,-0.1,2.50,0.00
2026-05-20 19:04:04.431,0.709,-0.610,0.00,0.1,6.00,-1,-1,-0.1,2.50,0.00
2026-05-20 19:04:05.431,0.709,-0.610,0.00,0.1,6.00,-1,-1,-0.1,2.50,0.00
2026-05-20 19:04:06.433,0.709,-0.610,0.00,0.1,6.00,-1,-1,-0.1,2.50,0.00
2026-05-20 19:04:07.433,0.709,-0.610,0.00,0.1,6.00,-1,-1,-0.1,2.50,0.00
2026-05-20 19:04:08.435,0.709,-0.604,0.00,0.1,6.00,-1,-1,-0.1,2.50,0.00
2026-05-20 19:04:09.436,0.709,-0.604,0.00,0.1,6.00,-1,-1,-0.1,2.50,0.00
2026-05-20 19:04:10.437,0.709,-0.610,0.00,0.1,6.00,-1,-1,-0.1,2.50,0.00
2026-05-20 19:04:11.439,0.709,-0.610,0.00,0.1,6.00,-1,-1,-0.1,2.50,0.00
2026-05-20 19:04:12.440,0.709,-0.610,0.00,0.1,6.00,-1,-1,-0.1,2.50,0.00
2026-05-20 19:04:13.441,0.709,-0.604,0.00,0.1,6.00,-1,-1,-0.1,2.50,0.00
2026-05-20 19:04:14.442,0.709,-0.610,0.00,0.1,6.00,-1,-1,-0.1,2.50,0.00
2026-05-20 19:04:15.443,0.709,-0.604,0.00,0.1,6.00,-1,-1,-0.1,2.50,0.00
2026-05-20 19:04:16.445,0.709,-0.604,0.00,0.1,6.00,-1,-1,-0.1,2.50,0.00
2026-05-20 19:04:17.446,0.709,-0.610,0.00,0.1,6.00,-1,-1,-0.1,2.50,0.00
2026-05-20 19:04:18.447,0.709,-0.604,0.00,0.1,6.00,-1,-1,-0.1,2.50,0.00
2026-05-20 19:04:19.448,0.709,-0.604,0.00,0.1,6.00,-1,-1,-0.1,2.50,0.00
2026-05-20 19:04:20.449,0.709,-0.604,0.00,0.1,6.00,-1,-1,-0.1,2.50,0.00
2026-05-20 19:04:21.450,0.703,-0.610,0.00,0.1,6.00,-1,-1,-0.1,2.50,0.00
2026-05-20 19:04:22.450,0.703,-0.604,0.00,0.1,6.00,-1,-1,-0.1,2.50,0.00
2026-05-20 19:04:23.451,0.709,-0.604,0.00,0.1,6.00,-1,-1,-0.1,2.50,0.00
2026-05-20 19:04:24.452,0.709,-0.604,0.00,0.1,6.00,-1,-1,-0.1,2.50,0.00
2026-05-20 19:04:25.453,0.709,-0.610,0.00,0.1,6.00,-1,-1,-0.1,2.50,0.00
2026-05-20 19:04:26.454,0.709,-0.610,0.00,0.1,6.00,-1,-1,-0.1,2.50,0.00
2026-05-20 19:04:27.454,0.703,-0.621,0.00,0.1,6.00,-1,-1,-0.1,2.50,0.00
2026-05-20 19:04:28.455,0.703,-0.621,0.00,0.1,6.00,-1,-1,-0.1,2.50,0.00
2026-05-20 19:04:29.455,0.703,-0.621,0.00,0.1,6.00,-1,-1,-0.1,2.50,0.00
2026-05-20 19:04:30.456,0.698,-0.604,0.00,0.1,6.00,-1,-1,-0.1,2.50,0.00
2026-05-20 19:04:31.457,0.698,-0.599,0.00,0.1,6.00,-1,-1,-0.1,2.50,0.00
2026-05-20 19:04:32.457,0.703,-0.588,0.00,0.1,6.00,-1,-1,-0.1,2.50,0.00
2026-05-20 19:04:33.459,0.698,-0.588,0.00,0.1,6.00,-1,-1,-0.1,2.50,0.00
2026-05-20 19:04:34.459,0.698,-0.588,0.00,0.1,6.00,-1,-1,-0.1,2.50,0.00
2026-05-20 19:04:35.460,0.698,-0.588,0.00,0.1,6.00,-1,-1,-0.1,2.50,0.00
2026-05-20 19:04:36.460,0.703,-0.582,0.00,0.1,6.00,-1,-1,-0.1,2.50,0.00
2026-05-20 19:04:37.461,0.698,-0.582,0.00,0.1,6.00,-1,-1,-0.1,2.50,0.00
2026-05-20 19:04:38.463,0.698,-0.582,0.00,0.1,6.00,-1,-1,-0.1,2.50,0.00
2026-05-20 19:04:39.463,0.698,-0.577,0.00,0.1,6.00,-1,-1,-0.1,2.50,0.00
2026-05-20 19:04:40.464,0.703,-0.577,0.00,0.1,6.00,-1,-1,-0.1,2.50,0.00
2026-05-20 19:04:41.465,0.703,-0.582,0.00,0.1,6.00,-1,-1,-0.1,2.50,0.00
2026-05-20 19:04:42.466,0.698,-0.582,0.00,0.1,6.00,-1,-1,-0.1,2.50,0.00
2026-05-20 19:04:43.467,0.703,-0.582,0.00,0.1,6.00,-1,-1,-0.1,2.50,0.00
2026-05-20 19:04:44.468,0.703,-0.582,0.00,0.1,6.00,-1,-1,-0.1,2.50,0.00
2026-05-20 19:04:45.469,0.698,-0.588,0.00,0.1,6.00,-1,-1,-0.1,2.50,0.00
2026-05-20 19:04:46.470,0.698,-0.582,0.00,0.1,6.00,-1,-1,-0.1,2.50,0.00
2026-05-20 19:04:47.472,0.698,-0.577,0.00,0.1,6.00,-1,-1,-0.1,2.50,0.00
2026-05-20 19:04:48.473,0.703,-0.571,0.00,0.1,6.00,-1,-1,-0.1,2.50,0.00
2026-05-20 19:04:49.474,0.703,-0.571,0.00,0.1,6.00,-1,-1,-0.1,2.50,0.00
2026-05-20 19:04:50.474,0.703,-0.571,0.00,0.1,6.00,-1,-1,-0.1,2.50,0.00
2026-05-20 19:04:51.475,0.709,-0.571,0.00,0.1,6.00,-1,-1,-0.1,2.50,0.00
2026-05-20 19:04:52.476,0.709,-0.566,0.00,0.1,6.00,-1,-1,-0.1,2.50,0.00
2026-05-20 19:04:53.477,0.703,-0.560,0.00,0.1,6.00,-1,-1,-0.1,2.50,0.00
2026-05-20 19:04:54.477,0.703,-0.549,0.00,0.1,6.00,-1,-1,-0.1,2.50,0.00
2026-05-20 19:04:55.479,0.709,-0.549,0.00,0.1,6.00,-1,-1,-0.1,2.50,0.00
2026-05-20 19:04:56.479,0.709,-0.544,0.00,0.1,6.00,-1,-1,-0.1,2.50,0.00
2026-05-20 19:04:57.480,0.703,-0.538,0.00,0.1,6.00,-1,-1,-0.1,2.50,0.00
2026-05-20 19:04:58.481,0.703,-0.549,0.00,0.1,6.00,-1,-1,-0.1,2.50,0.00
2026-05-20 19:04:59.483,0.703,-0.566,0.00,0.1,6.00,-1,-1,-0.1,2.50,0.00
2026-05-20 19:05:00.483,0.709,-0.582,0.00,0.1,6.00,-1,-1,-0.1,2.50,0.00
2026-05-20 19:05:01.485,0.714,-0.588,0.00,0.1,6.00,-1,-1,-0.1,2.50,0.00
2026-05-20 19:05:02.485,0.714,-0.593,0.00,0.1,6.00,-1,-1,-0.1,2.50,0.00
2026-05-20 19:05:03.486,0.709,-0.588,0.00,0.1,6.00,-1,-1,-0.1,2.50,0.00
2026-05-20 19:05:04.487,0.709,-0.588,0.00,0.1,6.00,-1,-1,-0.1,2.50,0.00
2026-05-20 19:05:05.488,0.703,-0.593,0.00,0.1,6.00,-1,-1,-0.1,2.50,0.00
2026-05-20 19:05:06.488,0.703,-0.599,0.00,0.1,6.00,-1,-1,-0.1,2.50,0.00
2026-05-20 19:05:07.489,0.698,-0.604,0.00,0.1,6.00,-1,-1,-0.1,2.50,0.00
2026-05-20 19:05:08.489,0.698,-0.604,0.00,0.1,6.00,-1,-1,-0.1,2.50,0.00
2026-05-20 19:05:09.490,0.698,-0.599,0.00,0.1,6.00,-1,-1,-0.1,2.50,0.00
2026-05-20 19:05:10.490,0.703,-0.593,0.00,0.1,6.00,-1,-1,-0.1,2.50,0.00
2026-05-20 19:05:11.491,0.698,-0.599,0.00,0.1,6.00,-1,-1,-0.1,2.50,0.00
2026-05-20 19:05:12.492,0.692,-0.610,0.00,0.1,6.00,-1,-1,-0.1,2.50,0.00
2026-05-20 19:05:13.493,0.698,-0.604,0.00,0.1,6.00,-1,-1,-0.1,2.50,0.00
2026-05-20 19:05:14.494,0.698,-0.599,0.00,0.1,6.00,-1,-1,-0.1,2.50,0.00
2026-05-20 19:05:15.495,0.703,-0.599,0.00,0.1,6.00,-1,-1,-0.1,2.50,0.00
2026-05-20 19:05:16.496,0.709,-0.599,0.00,0.1,6.00,-1,-1,-0.1,2.50,0.00
2026-05-20 19:05:17.498,0.703,-0.593,0.00,0.1,6.00,-1,-1,-0.1,2.50,0.00
2026-05-20 19:05:18.498,0.703,-0.588,0.00,0.1,6.00,-1,-1,-0.1,2.50,0.00
2026-05-20 19:05:19.499,0.698,-0.593,0.00,0.1,6.00,-1,-1,-0.1,2.50,0.00
2026-05-20 19:05:20.501,0.698,-0.577,0.00,0.1,6.00,-1,-1,-0.1,2.50,0.00
2026-05-20 19:05:21.502,0.698,-0.577,0.00,0.1,6.00,-1,-1,-0.1,2.50,0.00
2026-05-20 19:05:22.503,0.698,-0.560,0.00,0.1,6.00,-1,-1,-0.1,2.50,0.00
2026-05-20 19:05:23.503,0.698,-0.560,0.00,0.1,6.00,-1,-1,-0.1,2.50,0.00
2026-05-20 19:05:24.504,0.703,-0.560,0.00,0.1,6.00,-1,-1,-0.1,2.50,0.00
2026-05-20 19:05:25.505,0.703,-0.544,0.00,0.1,6.00,-1,-1,-0.1,2.50,0.00
2026-05-20 19:05:26.507,0.703,-0.538,0.00,0.1,6.00,-1,-1,-0.1,2.50,0.00
2026-05-20 19:05:27.508,0.703,-0.538,0.00,0.1,6.00,-1,-1,-0.1,2.50,0.00
2026-05-20 19:05:28.509,0.703,-0.538,0.00,0.1,6.00,-1,-1,-0.1,2.50,0.00
2026-05-20 19:05:29.510,0.698,-0.544,0.00,0.1,6.00,-1,-1,-0.1,2.50,0.00
2026-05-20 19:05:30.512,0.703,-0.533,0.00,0.1,6.00,-1,-1,-0.1,2.50,0.00
2026-05-20 19:05:31.513,0.703,-0.538,0.00,0.1,6.00,-1,-1,-0.1,2.50,0.00
2026-05-20 19:05:32.513,0.703,-0.549,0.00,0.1,6.00,-1,-1,-0.1,2.50,0.00
2026-05-20 19:05:33.514,0.703,-0.560,0.00,0.1,6.00,-1,-1,-0.1,2.50,0.00
2026-05-20 19:05:34.515,0.698,-0.577,0.00,0.1,6.00,-1,-1,-0.1,2.50,0.00
2026-05-20 19:05:35.516,0.698,-0.582,0.00,0.1,6.00,-1,-1,-0.1,2.50,0.00
2026-05-20 19:05:36.517,0.698,-0.588,0.00,0.1,6.00,-1,-1,-0.1,2.50,0.00
2026-05-20 19:05:37.518,0.698,-0.588,0.00,0.1,6.00,-1,-1,-0.1,2.50,0.00
2026-05-20 19:05:38.519,0.703,-0.593,0.00,0.1,6.00,-1,-1,-0.1,2.50,0.00
2026-05-20 19:05:39.520,0.698,-0.588,0.00,0.1,6.00,-1,-1,-0.1,2.50,0.00
2026-05-20 19:05:40.521,0.698,-0.593,0.00,0.1,6.00,-1,-1,-0.1,2.50,0.00
2026-05-20 19:05:41.522,0.698,-0.599,0.00,0.1,6.00,-1,-1,-0.1,2.50,0.00
2026-05-20 19:05:42.524,0.698,-0.593,0.00,0.1,6.00,-1,-1,-0.1,2.50,0.00
2026-05-20 19:05:43.525,0.698,-0.588,0.00,0.1,6.00,-1,-1,-0.1,2.50,0.00
2026-05-20 19:05:44.526,0.698,-0.588,0.00,0.1,6.00,-1,-1,-0.1,2.50,0.00
2026-05-20 19:05:45.527,0.692,-0.593,0.00,0.1,6.00,-1,-1,-0.1,2.50,0.00
2026-05-20 19:05:46.528,0.698,-0.604,0.00,0.1,6.00,-1,-1,-0.1,2.50,0.00
2026-05-20 19:05:47.529,0.698,-0.599,0.00,0.1,6.00,-1,-1,-0.1,2.50,0.00
2026-05-20 19:05:48.530,0.698,-0.599,0.00,0.1,6.00,-1,-1,-0.1,2.50,0.00
2026-05-20 19:05:49.532,0.698,-0.599,0.00,0.1,6.00,-1,-1,-0.1,2.50,0.00
2026-05-20 19:05:50.532,0.703,-0.599,0.00,0.1,6.00,-1,-1,-0.1,2.50,0.00
2026-05-20 19:05:51.533,0.703,-0.604,0.00,0.1,6.00,-1,-1,-0.1,2.50,0.00
2026-05-20 19:05:52.535,0.703,-0.593,0.00,0.1,6.00,-1,-1,-0.1,2.50,0.00
2026-05-20 19:05:53.536,0.703,-0.582,0.00,0.1,6.00,-1,-1,-0.1,2.50,0.00
2026-05-20 19:05:54.537,0.709,-0.582,0.00,0.1,6.00,-1,-1,-0.1,2.50,0.00
2026-05-20 19:05:55.538,0.709,-0.582,0.00,0.1,6.00,-1,-1,-0.1,2.50,0.00
2026-05-20 19:05:56.539,0.709,-0.593,0.00,0.1,6.00,-1,-1,-0.1,2.50,0.00
2026-05-20 19:05:57.540,0.709,-0.599,0.00,0.1,6.00,-1,-1,-0.1,2.50,0.00
2026-05-20 19:05:58.541,0.703,-0.599,0.00,0.1,6.00,-1,-1,-0.1,2.50,0.00
2026-05-20 19:05:59.542,0.698,-0.593,0.00,0.1,6.00,-1,-1,-0.1,2.50,0.00
2026-05-20 19:06:00.543,0.703,-0.621,0.00,0.1,6.00,-1,-1,-0.1,2.50,0.00
2026-05-20 19:06:01.544,0.703,-0.621,0.00,0.1,6.00,-1,-1,-0.1,2.50,0.00
2026-05-20 19:06:02.545,0.703,-0.615,0.00,0.1,6.00,-1,-1,-0.1,2.50,0.00
2026-05-20 19:06:03.546,0.703,-0.610,0.00,0.1,6.00,-1,-1,-0.1,2.50,0.00
2026-05-20 19:06:04.547,0.703,-0.604,0.00,0.1,6.00,-1,-1,-0.1,2.50,0.00
2026-05-20 19:06:05.548,0.703,-0.604,0.00,0.1,6.00,-1,-1,-0.1,2.50,0.00
2026-05-20 19:06:06.549,0.703,-0.599,0.00,0.1,6.00,-1,-1,-0.1,2.50,0.00
2026-05-20 19:06:07.550,0.703,-0.599,0.00,0.1,6.00,-1,-1,-0.1,2.50,0.00
2026-05-20 19:06:08.551,0.703,-0.604,0.00,0.1,6.00,-1,-1,-0.1,2.50,0.00
2026-05-20 19:06:09.553,0.703,-0.599,0.00,0.1,6.00,-1,-1,-0.1,2.50,0.00
2026-05-20 19:06:10.553,0.703,-0.599,0.00,0.1,6.00,-1,-1,-0.1,2.50,0.00
2026-05-20 19:06:11.554,0.703,-0.599,0.00,0.1,6.00,-1,-1,-0.1,2.50,0.00
2026-05-20 19:06:12.555,0.703,-0.599,0.00,0.1,6.00,-1,-1,-0.1,2.50,0.00
2026-05-20 19:06:13.556,0.703,-0.599,0.00,0.1,6.00,-1,-1,-0.1,2.50,0.00
2026-05-20 19:06:14.557,0.703,-0.599,0.00,0.1,6.00,-1,-1,-0.1,2.50,0.00
2026-05-20 19:06:15.558,0.703,-0.599,0.00,0.1,6.00,-1,-1,-0.1,2.50,0.00
2026-05-20 19:06:16.559,0.703,-0.599,0.00,0.1,6.00,-1,-1,-0.1,2.50,0.00
2026-05-20 19:06:17.560,0.698,-0.588,0.00,0.1,6.00,-1,-1,-0.1,2.50,0.00
2026-05-20 19:06:18.561,0.698,-0.582,0.00,0.1,6.00,-1,-1,-0.1,2.50,0.00
2026-05-20 19:06:19.562,0.703,-0.582,0.00,0.1,6.00,-1,-1,-0.1,2.50,0.00
2026-05-20 19:06:20.562,0.698,-0.582,0.00,0.1,6.00,-1,-1,-0.1,2.50,0.00
2026-05-20 19:06:21.564,0.698,-0.577,0.00,0.1,6.00,-1,-1,-0.1,2.50,0.00
2026-05-20 19:06:22.564,0.698,-0.577,0.00,0.1,6.00,-1,-1,-0.1,2.50,0.00
2026-05-20 19:06:23.565,0.703,-0.577,0.00,0.1,6.00,-1,-1,-0.1,2.50,0.00
2026-05-20 19:06:24.567,0.703,-0.577,0.00,0.1,6.00,-1,-1,-0.1,2.50,0.00
2026-05-20 19:06:25.568,0.703,-0.577,0.00,0.1,6.00,-1,-1,-0.1,2.50,0.00
2026-05-20 19:06:26.569,0.703,-0.582,0.00,0.1,6.00,-1,-1,-0.1,2.50,0.00
2026-05-20 19:06:27.570,0.698,-0.588,0.00,0.1,6.00,-1,-1,-0.1,2.50,0.00
2026-05-20 19:06:28.571,0.698,-0.588,0.00,0.1,6.00,-1,-1,-0.1,2.50,0.00
2026-05-20 19:06:29.572,0.698,-0.582,0.00,0.1,6.00,-1,-1,-0.1,2.50,0.00
2026-05-20 19:06:30.572,0.698,-0.577,0.00,0.1,6.00,-1,-1,-0.1,2.50,0.00
2026-05-20 19:06:31.574,0.698,-0.577,0.00,0.1,6.00,-1,-1,-0.1,2.50,0.00
2026-05-20 19:06:32.575,0.698,-0.577,0.00,0.1,6.00,-1,-1,-0.1,2.50,0.00
2026-05-20 19:06:33.576,0.698,-0.577,0.00,0.1,6.00,-1,-1,-0.1,2.50,0.00
2026-05-20 19:06:34.577,0.698,-0.593,0.00,0.1,6.00,-1,-1,-0.1,2.50,0.00
2026-05-20 19:06:35.578,0.692,-0.593,0.00,0.1,6.00,-1,-1,-0.1,2.50,0.00
2026-05-20 19:06:36.579,0.692,-0.582,0.00,0.1,6.00,-1,-1,-0.1,2.50,0.00
2026-05-20 19:06:37.580,0.692,-0.571,0.00,0.1,6.00,-1,-1,-0.1,2.50,0.00
2026-05-20 19:06:38.580,0.698,-0.571,0.00,0.1,6.00,-1,-1,-0.1,2.50,0.00
2026-05-20 19:06:39.581,0.698,-0.571,0.00,0.1,6.00,-1,-1,-0.1,2.50,0.00
2026-05-20 19:06:40.581,0.698,-0.566,0.00,0.1,6.00,-1,-1,-0.1,2.50,0.00
2026-05-20 19:06:41.582,0.698,-0.560,0.00,0.1,6.00,-1,-1,-0.1,2.50,0.00
2026-05-20 19:06:42.583,0.698,-0.560,0.00,0.1,6.00,-1,-1,-0.1,2.50,0.00
2026-05-20 19:06:43.584,0.698,-0.555,0.00,0.1,6.00,-1,-1,-0.1,2.50,0.00
2026-05-20 19:06:44.585,0.698,-0.560,0.00,0.1,6.00,-1,-1,-0.1,2.50,0.00
2026-05-20 19:06:45.585,0.698,-0.560,0.00,0.1,6.00,-1,-1,-0.1,2.50,0.00
2026-05-20 19:06:46.586,0.698,-0.566,0.00,0.1,6.00,-1,-1,-0.1,2.50,0.00
2026-05-20 19:06:47.587,0.698,-0.566,0.00,0.1,6.00,-1,-1,-0.1,2.50,0.00
2026-05-20 19:06:48.588,0.698,-0.560,0.00,0.1,6.00,-1,-1,-0.1,2.50,0.00
2026-05-20 19:06:49.589,0.698,-0.560,0.00,0.1,6.00,-1,-1,-0.1,2.50,0.00
2026-05-20 19:06:50.589,0.698,-0.566,0.00,0.1,6.00,-1,-1,-0.1,2.50,0.00
2026-05-20 19:06:51.590,0.692,-0.549,0.00,0.1,6.00,-1,-1,-0.1,2.50,0.00
2026-05-20 19:06:52.590,0.698,-0.560,0.00,0.1,6.00,-1,-1,-0.1,2.50,0.00
2026-05-20 19:06:53.591,0.698,-0.571,0.00,0.1,6.00,-1,-1,-0.1,2.50,0.00
2026-05-20 19:06:54.592,0.698,-0.566,0.00,0.1,6.00,-1,-1,-0.1,2.50,0.00
2026-05-20 19:06:55.593,0.703,-0.566,0.00,0.1,6.00,-1,-1,-0.1,2.50,0.00
2026-05-20 19:06:56.593,0.703,-0.560,0.00,0.1,6.00,-1,-1,-0.1,2.50,0.00
2026-05-20 19:06:57.594,0.698,-0.560,0.00,0.1,6.00,-1,-1,-0.1,2.50,0.00
2026-05-20 19:06:58.594,0.698,-0.560,0.00,0.1,6.00,-1,-1,-0.1,2.50,0.00
2026-05-20 19:06:59.595,0.698,-0.560,0.00,0.1,6.00,-1,-1,-0.1,2.50,0.00
2026-05-20 19:07:00.596,0.698,-0.560,0.00,0.1,6.00,-1,-1,-0.1,2.50,0.00
2026-05-20 19:07:01.597,0.698,-0.560,0.00,0.1,6.00,-1,-1,-0.1,2.50,0.00
2026-05-20 19:07:02.597,0.698,-0.560,0.00,0.1,6.00,-1,-1,-0.1,2.50,0.00
2026-05-20 19:07:03.599,0.698,-0.566,0.00,0.1,6.00,-1,-1,-0.1,2.50,0.00
2026-05-20 19:07:04.600,0.698,-0.560,0.00,0.1,6.00,-1,-1,-0.1,2.50,0.00
2026-05-20 19:07:05.601,0.698,-0.555,0.00,0.1,6.00,-1,-1,-0.1,2.50,0.00
2026-05-20 19:07:06.602,0.703,-0.555,0.00,0.1,6.00,-1,-1,-0.1,2.50,0.00
2026-05-20 19:07:07.602,0.703,-0.549,0.00,0.1,6.00,-1,-1,-0.1,2.50,0.00
2026-05-20 19:07:08.604,0.703,-0.549,0.00,0.1,6.00,-1,-1,-0.1,2.50,0.00
2026-05-20 19:07:09.605,0.698,-0.555,0.00,0.1,6.00,-1,-1,-0.1,2.50,0.00
2026-05-20 19:07:10.606,0.703,-0.555,0.00,0.1,6.00,-1,-1,-0.1,2.50,0.00
2026-05-20 19:07:11.607,0.698,-0.560,0.00,0.1,6.00,-1,-1,-0.1,2.50,0.00
2026-05-20 19:07:12.607,0.703,-0.560,0.00,0.1,6.00,-1,-1,-0.1,2.50,0.00
2026-05-20 19:07:13.608,0.703,-0.560,0.00,0.1,6.00,-1,-1,-0.1,2.50,0.00
2026-05-20 19:07:14.609,0.698,-0.555,0.00,0.1,6.00,-1,-1,-0.1,2.50,0.00
2026-05-20 19:07:15.609,0.703,-0.566,0.00,0.1,6.00,-1,-1,-0.1,2.50,0.00
2026-05-20 19:07:16.611,0.703,-0.566,0.00,0.1,6.00,-1,-1,-0.1,2.50,0.00
2026-05-20 19:07:17.611,0.703,-0.571,0.00,0.1,6.00,-1,-1,-0.1,2.50,0.00
2026-05-20 19:07:18.613,0.703,-0.571,0.00,0.1,6.00,-1,-1,-0.1,2.50,0.00
2026-05-20 19:07:19.614,0.698,-0.577,0.00,0.1,6.00,-1,-1,-0.1,2.50,0.00
2026-05-20 19:07:20.615,0.698,-0.577,0.00,0.1,6.00,-1,-1,-0.1,2.50,0.00
2026-05-20 19:07:21.616,0.698,-0.577,0.00,0.1,6.00,-1,-1,-0.1,2.50,0.00
2026-05-20 19:07:22.617,0.698,-0.577,0.00,0.1,6.00,-1,-1,-0.1,2.50,0.00
2026-05-20 19:07:23.618,0.698,-0.577,0.00,0.1,6.00,-1,-1,-0.1,2.50,0.00
2026-05-20 19:07:24.618,0.698,-0.577,0.00,0.1,6.00,-1,-1,-0.1,2.50,0.00
2026-05-20 19:07:25.620,0.703,-0.571,0.00,0.1,6.00,-1,-1,-0.1,2.50,0.00
2026-05-20 19:07:26.621,0.703,-0.577,0.00,0.1,6.00,-1,-1,-0.1,2.50,0.00
2026-05-20 19:07:27.622,0.703,-0.577,0.00,0.1,6.00,-1,-1,-0.1,2.50,0.00
2026-05-20 19:07:28.623,0.698,-0.577,0.00,0.1,6.00,-1,-1,-0.1,2.50,0.00
2026-05-20 19:07:29.624,0.698,-0.577,0.00,0.1,6.00,-1,-1,-0.1,2.50,0.00
2026-05-20 19:07:30.625,0.698,-0.582,0.00,0.1,6.00,-1,-1,-0.1,2.50,0.00
2026-05-20 19:07:31.626,0.698,-0.582,0.00,0.1,6.00,-1,-1,-0.1,2.50,0.00
2026-05-20 19:07:32.627,0.703,-0.582,0.00,0.1,6.00,-1,-1,-0.1,2.50,0.00
2026-05-20 19:07:33.629,0.698,-0.582,0.00,0.1,6.00,-1,-1,-0.1,2.50,0.00
2026-05-20 19:07:34.630,0.698,-0.577,0.00,0.1,6.00,-1,-1,-0.1,2.50,0.00
2026-05-20 19:07:35.631,0.698,-0.577,0.00,0.1,6.00,-1,-1,-0.1,2.50,0.00
2026-05-20 19:07:36.631,0.703,-0.577,0.00,0.1,6.00,-1,-1,-0.1,2.50,0.00
2026-05-20 19:07:37.632,0.703,-0.577,0.00,0.1,6.00,-1,-1,-0.1,2.50,0.00
2026-05-20 19:07:38.633,0.698,-0.571,0.00,0.1,6.00,-1,-1,-0.1,2.50,0.00
2026-05-20 19:07:39.634,0.698,-0.571,0.00,0.1,6.00,-1,-1,-0.1,2.50,0.00
2026-05-20 19:07:40.635,0.698,-0.571,0.00,0.1,6.00,-1,-1,-0.1,2.50,0.00
2026-05-20 19:07:41.636,0.698,-0.571,0.00,0.1,6.00,-1,-1,-0.1,2.50,0.00
2026-05-20 19:07:42.636,0.703,-0.577,0.00,0.1,6.00,-1,-1,-0.1,2.50,0.00
2026-05-20 19:07:43.638,0.698,-0.577,0.00,0.1,6.00,-1,-1,-0.1,2.50,0.00
2026-05-20 19:07:44.639,0.698,-0.571,0.00,0.1,6.00,-1,-1,-0.1,2.50,0.00
2026-05-20 19:07:45.640,0.703,-0.571,0.00,0.1,6.00,-1,-1,-0.1,2.50,0.00
2026-05-20 19:07:46.641,0.703,-0.577,0.00,0.1,6.00,-1,-1,-0.1,2.50,0.00
2026-05-20 19:07:47.642,0.703,-0.571,0.00,0.1,6.00,-1,-1,-0.1,2.50,0.00
2026-05-20 19:07:48.643,0.703,-0.571,0.00,0.1,6.00,-1,-1,-0.1,2.50,0.00
2026-05-20 19:07:49.644,0.703,-0.571,0.00,0.1,6.00,-1,-1,-0.1,2.50,0.00
2026-05-20 19:07:50.645,0.703,-0.571,0.00,0.1,6.00,-1,-1,-0.1,2.50,0.00
2026-05-20 19:07:51.646,0.703,-0.571,0.00,0.1,6.00,-1,-1,-0.1,2.50,0.00
2026-05-20 19:07:52.647,0.703,-0.577,0.00,0.1,6.00,-1,-1,-0.1,2.50,0.00
2026-05-20 19:07:53.647,0.703,-0.577,0.00,0.1,6.00,-1,-1,-0.1,2.50,0.00
2026-05-20 19:07:54.648,0.703,-0.571,0.00,0.1,6.00,-1,-1,-0.1,2.50,0.00
2026-05-20 19:07:55.649,0.703,-0.571,0.00,0.1,6.00,-1,-1,-0.1,2.50,0.00
2026-05-20 19:07:56.650,0.703,-0.566,0.00,0.1,6.00,-1,-1,-0.1,2.50,0.00
2026-05-20 19:07:57.651,0.703,-0.560,0.00,0.1,6.00,-1,-1,-0.1,2.50,0.00
2026-05-20 19:07:58.652,0.703,-0.560,0.00,0.1,6.00,-1,-1,-0.1,2.50,0.00
2026-05-20 19:07:59.652,0.703,-0.566,0.00,0.1,6.00,-1,-1,-0.1,2.50,0.00
2026-05-20 19:08:00.654,0.703,-0.571,0.00,0.1,6.00,-1,-1,-0.1,2.50,0.00
2026-05-20 19:08:01.654,0.703,-0.577,0.00,0.1,6.00,-1,-1,-0.1,2.50,0.00
2026-05-20 19:08:02.655,0.703,-0.588,0.00,0.1,6.00,-1,-1,-0.1,2.50,0.00
2026-05-20 19:08:03.655,0.703,-0.582,0.00,0.1,6.00,-1,-1,-0.1,2.50,0.00
2026-05-20 19:08:04.656,0.703,-0.577,0.00,0.1,6.00,-1,-1,-0.1,2.50,0.00
2026-05-20 19:08:05.656,0.703,-0.571,0.00,0.1,6.00,-1,-1,-0.1,2.50,0.00
2026-05-20 19:08:06.657,0.698,-0.566,0.00,0.1,6.00,-1,-1,-0.1,2.50,0.00
2026-05-20 19:08:07.657,0.698,-0.560,0.00,0.1,6.00,-1,-1,-0.1,2.50,0.00
2026-05-20 19:08:08.658,0.698,-0.555,0.00,0.1,6.00,-1,-1,-0.1,2.50,0.00
2026-05-20 19:08:09.658,0.703,-0.555,0.00,0.1,6.00,-1,-1,-0.1,2.50,0.00
2026-05-20 19:08:10.659,0.703,-0.555,0.00,0.1,6.00,-1,-1,-0.1,2.50,0.00
2026-05-20 19:08:11.660,0.698,-0.555,0.00,0.1,6.00,-1,-1,-0.1,2.50,0.00
2026-05-20 19:08:12.661,0.698,-0.555,0.00,0.1,6.00,-1,-1,-0.1,2.50,0.00
2026-05-20 19:08:13.662,0.703,-0.555,0.00,0.1,6.00,-1,-1,-0.1,2.50,0.00
2026-05-20 19:08:14.663,0.703,-0.560,0.00,0.1,6.00,-1,-1,-0.1,2.50,0.00
2026-05-20 19:08:15.664,0.703,-0.566,0.00,0.1,6.00,-1,-1,-0.1,2.50,0.00
2026-05-20 19:08:16.665,0.703,-0.571,0.00,0.1,6.00,-1,-1,-0.1,2.50,0.00
2026-05-20 19:08:17.666,0.703,-0.571,0.00,0.1,6.00,-1,-1,-0.1,2.50,0.00
2026-05-20 19:08:18.667,0.703,-0.571,0.00,0.1,6.00,-1,-1,-0.1,2.50,0.00
2026-05-20 19:08:19.668,0.703,-0.577,0.00,0.1,6.00,-1,-1,-0.1,2.50,0.00
2026-05-20 19:08:20.670,0.703,-0.577,0.00,0.1,6.00,-1,-1,-0.1,2.50,0.00
2026-05-20 19:08:21.671,0.703,-0.577,0.00,0.1,6.00,-1,-1,-0.1,2.50,0.00
2026-05-20 19:08:22.671,0.703,-0.577,0.00,0.1,6.00,-1,-1,-0.1,2.50,0.00
2026-05-20 19:08:23.673,0.703,-0.571,0.00,0.1,6.00,-1,-1,-0.1,2.50,0.00
2026-05-20 19:08:24.674,0.703,-0.571,0.00,0.1,6.00,-1,-1,-0.1,2.50,0.00
2026-05-20 19:08:25.674,0.703,-0.571,0.00,0.1,6.00,-1,-1,-0.1,2.50,0.00
2026-05-20 19:08:26.675,0.703,-0.571,0.00,0.1,6.00,-1,-1,-0.1,2.50,0.00
2026-05-20 19:08:27.676,0.703,-0.571,0.00,0.1,6.00,-1,-1,-0.1,2.50,0.00
2026-05-20 19:08:28.676,0.703,-0.555,0.00,0.1,6.00,-1,-1,-0.1,2.50,0.00
2026-05-20 19:08:29.677,0.698,-0.549,0.00,0.1,6.00,-1,-1,-0.1,2.50,0.00
2026-05-20 19:08:30.679,0.698,-0.555,0.00,0.1,6.00,-1,-1,-0.1,2.50,0.00
2026-05-20 19:08:31.680,0.698,-0.555,0.00,0.1,6.00,-1,-1,-0.1,2.50,0.00
2026-05-20 19:08:32.681,0.698,-0.560,0.00,0.1,6.00,-1,-1,-0.1,2.50,0.00
2026-05-20 19:08:33.682,0.698,-0.560,0.00,0.1,6.00,-1,-1,-0.1,2.50,0.00
2026-05-20 19:08:34.683,0.698,-0.560,0.00,0.1,6.00,-1,-1,-0.1,2.50,0.00
2026-05-20 19:08:35.685,0.698,-0.560,0.00,0.1,6.00,-1,-1,-0.1,2.50,0.00
2026-05-20 19:08:36.686,0.698,-0.560,0.00,0.1,6.00,-1,-1,-0.1,2.50,0.00
2026-05-20 19:08:37.687,0.703,-0.555,0.00,0.1,6.00,-1,-1,-0.1,2.50,0.00
2026-05-20 19:08:38.688,0.698,-0.555,0.00,0.1,6.00,-1,-1,-0.1,2.50,0.00
2026-05-20 19:08:39.689,0.698,-0.560,0.00,0.1,6.00,-1,-1,-0.1,2.50,0.00
2026-05-20 19:08:40.691,0.698,-0.566,0.00,0.1,6.00,-1,-1,-0.1,2.50,0.00
2026-05-20 19:08:41.691,0.703,-0.566,0.00,0.1,6.00,-1,-1,-0.1,2.50,0.00
2026-05-20 19:08:42.692,0.703,-0.560,0.00,0.1,6.00,-1,-1,-0.1,2.50,0.00
2026-05-20 19:08:43.693,0.703,-0.566,0.00,0.1,6.00,-1,-1,-0.1,2.50,0.00
2026-05-20 19:08:44.694,0.703,-0.555,0.00,0.1,6.00,-1,-1,-0.1,2.50,0.00
2026-05-20 19:08:45.695,0.703,-0.560,0.00,0.1,6.00,-1,-1,-0.1,2.50,0.00
2026-05-20 19:08:46.695,0.703,-0.566,0.00,0.1,6.00,-1,-1,-0.1,2.50,0.00
2026-05-20 19:08:47.697,0.703,-0.571,0.00,0.1,6.00,-1,-1,-0.1,2.50,0.00
2026-05-20 19:08:48.698,0.703,-0.577,0.00,0.1,6.00,-1,-1,-0.1,2.50,0.00
2026-05-20 19:08:49.698,0.703,-0.577,0.00,0.1,6.00,-1,-1,-0.1,2.50,0.00
2026-05-20 19:08:50.700,0.703,-0.577,0.00,0.1,6.00,-1,-1,-0.1,2.50,0.00
2026-05-20 19:08:51.701,0.703,-0.577,0.00,0.1,6.00,-1,-1,-0.1,2.50,0.00
2026-05-20 19:08:52.702,0.703,-0.577,0.00,0.1,6.00,-1,-1,-0.1,2.50,0.00
2026-05-20 19:08:53.704,0.703,-0.577,0.00,0.1,6.00,-1,-1,-0.1,2.50,0.00
2026-05-20 19:08:54.705,0.703,-0.577,0.00,0.1,6.00,-1,-1,-0.1,2.50,0.00
2026-05-20 19:08:55.706,0.703,-0.577,0.00,0.1,6.00,-1,-1,-0.1,2.50,0.00
2026-05-20 19:08:56.707,0.703,-0.577,0.00,0.1,6.00,-1,-1,-0.1,2.50,0.00
2026-05-20 19:08:57.708,0.703,-0.571,0.00,0.1,6.00,-1,-1,-0.1,2.50,0.00
2026-05-20 19:08:58.709,0.703,-0.571,0.00,0.1,6.00,-1,-1,-0.1,2.50,0.00
2026-05-20 19:08:59.710,0.703,-0.571,0.00,0.1,6.00,-1,-1,-0.1,2.50,0.00
2026-05-20 19:09:00.711,0.703,-0.577,0.00,0.1,6.00,-1,-1,-0.1,2.50,0.00
2026-05-20 19:09:01.712,0.703,-0.577,0.00,0.1,6.00,-1,-1,-0.1,2.50,0.00
2026-05-20 19:09:02.712,0.703,-0.577,0.00,0.1,6.00,-1,-1,-0.1,2.50,0.00
2026-05-20 19:09:03.714,0.703,-0.577,0.00,0.1,6.00,-1,-1,-0.1,2.50,0.00
2026-05-20 19:09:04.714,0.703,-0.577,0.00,0.1,6.00,-1,-1,-0.1,2.50,0.00
2026-05-20 19:09:05.715,0.698,-0.582,0.00,0.1,6.00,-1,-1,-0.1,2.50,0.00
2026-05-20 19:09:06.716,0.703,-0.577,0.00,0.1,6.00,-1,-1,-0.1,2.50,0.00
2026-05-20 19:09:07.717,0.703,-0.571,0.00,0.1,6.00,-1,-1,-0.1,2.50,0.00
2026-05-20 19:09:08.718,0.703,-0.571,0.00,0.1,6.00,-1,-1,-0.1,2.50,0.00
2026-05-20 19:09:09.719,0.698,-0.566,0.00,0.1,6.00,-1,-1,-0.1,2.50,0.00
2026-05-20 19:09:10.721,0.698,-0.566,0.00,0.1,6.00,-1,-1,-0.1,2.50,0.00
2026-05-20 19:09:11.722,0.698,-0.566,0.00,0.1,6.00,-1,-1,-0.1,2.50,0.00
2026-05-20 19:09:12.725,0.703,-0.566,0.00,0.1,6.00,-1,-1,-0.1,2.50,0.00
2026-05-20 19:09:13.725,0.698,-0.560,0.00,0.1,6.00,-1,-1,-0.1,2.50,0.00
2026-05-20 19:09:14.727,0.698,-0.560,0.00,0.1,6.00,-1,-1,-0.1,2.50,0.00
2026-05-20 19:09:15.728,0.703,-0.555,0.00,0.1,6.00,-1,-1,-0.1,2.50,0.00
2026-05-20 19:09:16.729,0.703,-0.560,0.00,0.1,6.00,-1,-1,-0.1,2.50,0.00
2026-05-20 19:09:17.730,0.703,-0.566,0.00,0.1,6.00,-1,-1,-0.1,2.50,0.00
2026-05-20 19:09:18.731,0.698,-0.571,0.00,0.1,6.00,-1,-1,-0.1,2.50,0.00
2026-05-20 19:09:19.732,0.703,-0.577,0.00,0.1,6.00,-1,-1,-0.1,2.50,0.00
2026-05-20 19:09:20.733,0.703,-0.577,0.00,0.1,6.00,-1,-1,-0.1,2.50,0.00
2026-05-20 19:09:21.735,0.698,-0.571,0.00,0.1,6.00,-1,-1,-0.1,2.50,0.00
2026-05-20 19:09:22.735,0.703,-0.571,0.00,0.1,6.00,-1,-1,-0.1,2.50,0.00
2026-05-20 19:09:23.736,0.703,-0.566,0.00,0.1,6.00,-1,-1,-0.1,2.50,0.00
2026-05-20 19:09:24.737,0.703,-0.566,0.00,0.1,6.00,-1,-1,-0.1,2.50,0.00
2026-05-20 19:09:25.738,0.703,-0.566,0.00,0.1,6.00,-1,-1,-0.1,2.50,0.00
2026-05-20 19:09:26.739,0.703,-0.571,0.00,0.1,6.00,-1,-1,-0.1,2.50,0.00
2026-05-20 19:09:27.740,0.703,-0.571,0.00,0.1,6.00,-1,-1,-0.1,2.50,0.00
2026-05-20 19:09:28.742,0.703,-0.577,0.00,0.1,6.00,-1,-1,-0.1,2.50,0.00
2026-05-20 19:09:29.743,0.703,-0.577,0.00,0.1,6.00,-1,-1,-0.1,2.50,0.00
2026-05-20 19:09:30.744,0.703,-0.577,0.00,0.1,6.00,-1,-1,-0.1,2.50,0.00
2026-05-20 19:09:31.745,0.703,-0.577,0.00,0.1,6.00,-1,-1,-0.1,2.50,0.00
2026-05-20 19:09:32.745,0.703,-0.577,0.00,0.1,6.00,-1,-1,-0.1,2.50,0.00
2026-05-20 19:09:33.746,0.703,-0.577,0.00,0.1,6.00,-1,-1,-0.1,2.50,0.00
2026-05-20 19:09:34.747,0.703,-0.577,0.00,0.1,6.00,-1,-1,-0.1,2.50,0.00
2026-05-20 19:09:35.748,0.703,-0.577,0.00,0.1,6.00,-1,-1,-0.1,2.50,0.00
2026-05-20 19:09:36.749,0.698,-0.577,0.00,0.1,6.00,-1,-1,-0.1,2.50,0.00
2026-05-20 19:09:37.750,0.703,-0.577,0.00,0.1,6.00,-1,-1,-0.1,2.50,0.00
2026-05-20 19:09:38.751,0.703,-0.577,0.00,0.1,6.00,-1,-1,-0.1,2.50,0.00
2026-05-20 19:09:39.752,0.703,-0.577,0.00,0.1,6.00,-1,-1,-0.1,2.50,0.00
2026-05-20 19:09:40.753,0.703,-0.577,0.00,0.1,6.00,-1,-1,-0.1,2.50,0.00
2026-05-20 19:09:41.754,0.703,-0.577,0.00,0.1,6.00,-1,-1,-0.1,2.50,0.00
2026-05-20 19:09:42.755,0.703,-0.577,0.00,0.1,6.00,-1,-1,-0.1,2.50,0.00
2026-05-20 19:09:43.756,0.703,-0.577,0.00,0.1,6.00,-1,-1,-0.1,2.50,0.00
2026-05-20 19:09:44.757,0.703,-0.577,0.00,0.1,6.00,-1,-1,-0.1,2.50,0.00
2026-05-20 19:09:45.758,0.703,-0.577,0.00,0.1,6.00,-1,-1,-0.1,2.50,0.00
2026-05-20 19:09:46.759,0.698,-0.577,0.00,0.1,6.00,-1,-1,-0.1,2.50,0.00
2026-05-20 19:09:47.760,0.703,-0.571,0.00,0.1,6.00,-1,-1,-0.1,2.50,0.00
2026-05-20 19:09:48.761,0.703,-0.577,0.00,0.1,6.00,-1,-1,-0.1,2.50,0.00
2026-05-20 19:09:49.762,0.703,-0.577,0.00,0.1,6.00,-1,-1,-0.1,2.50,0.00
2026-05-20 19:09:50.763,0.703,-0.588,0.00,0.1,6.00,-1,-1,-0.1,2.50,0.00
2026-05-20 19:09:51.765,0.703,-0.593,0.00,0.1,6.00,-1,-1,-0.1,2.50,0.00
2026-05-20 19:09:52.766,0.703,-0.593,0.00,0.1,6.00,-1,-1,-0.1,2.50,0.00
2026-05-20 19:09:53.767,0.703,-0.577,0.00,0.1,6.00,-1,-1,-0.1,2.50,0.00
2026-05-20 19:09:54.767,0.703,-0.571,0.00,0.1,6.00,-1,-1,-0.1,2.50,0.00
2026-05-20 19:09:55.768,0.698,-0.566,0.00,0.1,6.00,-1,-1,-0.1,2.50,0.00
2026-05-20 19:09:56.769,0.703,-0.571,0.00,0.1,6.00,-1,-1,-0.1,2.50,0.00
2026-05-20 19:09:57.770,0.703,-0.571,0.00,0.1,6.00,-1,-1,-0.1,2.50,0.00
2026-05-20 19:09:58.771,0.703,-0.577,0.00,0.1,6.00,-1,-1,-0.1,2.50,0.00
2026-05-20 19:09:59.772,0.703,-0.577,0.00,0.1,6.00,-1,-1,-0.1,2.50,0.00
2026-05-20 19:10:00.773,0.698,-0.577,0.00,0.1,6.00,-1,-1,-0.1,2.50,0.00
2026-05-20 19:10:01.774,0.703,-0.577,0.00,0.1,6.00,-1,-1,-0.1,2.50,0.00
2026-05-20 19:10:02.775,0.703,-0.577,0.00,0.1,6.00,-1,-1,-0.1,2.50,0.00
2026-05-20 19:10:03.777,0.698,-0.577,0.00,0.1,6.00,-1,-1,-0.1,2.50,0.00
2026-05-20 19:10:04.777,0.698,-0.577,0.00,0.1,6.00,-1,-1,-0.1,2.50,0.00
2026-05-20 19:10:05.778,0.698,-0.577,0.00,0.1,6.00,-1,-1,-0.1,2.50,0.00
2026-05-20 19:10:06.780,0.698,-0.582,0.00,0.1,6.00,-1,-1,-0.1,2.50,0.00
2026-05-20 19:10:07.781,0.703,-0.582,0.00,0.1,6.00,-1,-1,-0.1,2.50,0.00
2026-05-20 19:10:08.782,0.703,-0.582,0.00,0.1,6.00,-1,-1,-0.1,2.50,0.00
2026-05-20 19:10:09.782,0.703,-0.577,0.00,0.1,6.00,-1,-1,-0.1,2.50,0.00
2026-05-20 19:10:10.783,0.703,-0.582,0.00,0.1,6.00,-1,-1,-0.1,2.50,0.00
2026-05-20 19:10:11.784,0.703,-0.582,0.00,0.1,6.00,-1,-1,-0.1,2.50,0.00
2026-05-20 19:10:12.784,0.698,-0.577,0.00,0.1,6.00,-1,-1,-0.1,2.50,0.00
2026-05-20 19:10:13.786,0.703,-0.577,0.00,0.1,6.00,-1,-1,-0.1,2.50,0.00
2026-05-20 19:10:14.787,0.698,-0.577,0.00,0.1,6.00,-1,-1,-0.1,2.50,0.00
2026-05-20 19:10:15.788,0.698,-0.577,0.00,0.1,6.00,-1,-1,-0.1,2.50,0.00
2026-05-20 19:10:16.790,0.703,-0.577,0.00,0.1,6.00,-1,-1,-0.1,2.50,0.00
2026-05-20 19:10:17.790,0.703,-0.577,0.00,0.1,6.00,-1,-1,-0.1,2.50,0.00
2026-05-20 19:10:18.791,0.703,-0.577,0.00,0.1,6.00,-1,-1,-0.1,2.50,0.00
2026-05-20 19:10:19.793,0.703,-0.577,0.00,0.1,6.00,-1,-1,-0.1,2.50,0.00
2026-05-20 19:10:20.793,0.703,-0.571,0.00,0.1,6.00,-1,-1,-0.1,2.50,0.00
2026-05-20 19:10:21.794,0.703,-0.560,0.00,0.1,6.00,-1,-1,-0.1,2.50,0.00
2026-05-20 19:10:22.796,0.698,-0.560,0.00,0.1,6.00,-1,-1,-0.1,2.50,0.00
2026-05-20 19:10:23.796,0.703,-0.560,0.00,0.1,6.00,-1,-1,-0.1,2.50,0.00
2026-05-20 19:10:24.798,0.703,-0.560,0.00,0.1,6.00,-1,-1,-0.1,2.50,0.00
2026-05-20 19:10:25.798,0.703,-0.560,0.00,0.1,6.00,-1,-1,-0.1,2.50,0.00
2026-05-20 19:10:26.798,0.703,-0.560,0.00,0.1,6.00,-1,-1,-0.1,2.50,0.00
2026-05-20 19:10:27.799,0.703,-0.555,0.00,0.1,6.00,-1,-1,-0.1,2.50,0.00
2026-05-20 19:10:28.799,0.698,-0.560,0.00,0.1,6.00,-1,-1,-0.1,2.50,0.00
2026-05-20 19:10:29.800,0.698,-0.560,0.00,0.1,6.00,-1,-1,-0.1,2.50,0.00
2026-05-20 19:10:30.801,0.698,-0.560,0.00,0.1,6.00,-1,-1,-0.1,2.50,0.00
2026-05-20 19:10:31.802,0.698,-0.566,0.00,0.1,6.00,-1,-1,-0.1,2.50,0.00
2026-05-20 19:10:32.803,0.698,-0.560,0.00,0.1,6.00,-1,-1,-0.1,2.50,0.00
2026-05-20 19:10:33.804,0.698,-0.560,0.00,0.1,6.00,-1,-1,-0.1,2.50,0.00
2026-05-20 19:10:34.805,0.698,-0.560,0.00,0.1,6.00,-1,-1,-0.1,2.50,0.00
2026-05-20 19:10:35.805,0.698,-0.560,0.00,0.1,6.00,-1,-1,-0.1,2.50,0.00
2026-05-20 19:10:36.806,0.698,-0.566,0.00,0.1,6.00,-1,-1,-0.1,2.50,0.00
2026-05-20 19:10:37.807,0.698,-0.560,0.00,0.1,6.00,-1,-1,-0.1,2.50,0.00
2026-05-20 19:10:38.808,0.698,-0.560,0.00,0.1,6.00,-1,-1,-0.1,2.50,0.00
2026-05-20 19:10:39.809,0.698,-0.560,0.00,0.1,6.00,-1,-1,-0.1,2.50,0.00
2026-05-20 19:10:40.810,0.698,-0.560,0.00,0.1,6.00,-1,-1,-0.1,2.50,0.00
2026-05-20 19:10:41.810,0.698,-0.555,0.00,0.1,6.00,-1,-1,-0.1,2.50,0.00
2026-05-20 19:10:42.811,0.703,-0.555,0.00,0.1,6.00,-1,-1,-0.1,2.50,0.00
2026-05-20 19:10:43.811,0.703,-0.560,0.00,0.1,6.00,-1,-1,-0.1,2.50,0.00
2026-05-20 19:10:44.813,0.703,-0.571,0.00,0.1,6.00,-1,-1,-0.1,2.50,0.00
2026-05-20 19:10:45.814,0.703,-0.571,0.00,0.1,6.00,-1,-1,-0.1,2.50,0.00
2026-05-20 19:10:46.815,0.703,-0.582,0.00,0.1,6.00,-1,-1,-0.1,2.50,0.00
2026-05-20 19:10:47.815,0.703,-0.577,0.00,0.1,6.00,-1,-1,-0.1,2.50,0.00
2026-05-20 19:10:48.817,0.703,-0.582,0.00,0.1,6.00,-1,-1,-0.1,2.50,0.00
2026-05-20 19:10:49.817,0.703,-0.577,0.00,0.1,6.00,-1,-1,-0.1,2.50,0.00
2026-05-20 19:10:50.818,0.703,-0.577,0.00,0.1,6.00,-1,-1,-0.1,2.50,0.00
2026-05-20 19:10:51.819,0.703,-0.577,0.00,0.1,6.00,-1,-1,-0.1,2.50,0.00
2026-05-20 19:10:52.821,0.703,-0.582,0.00,0.1,6.00,-1,-1,-0.1,2.50,0.00
2026-05-20 19:10:53.821,0.703,-0.571,0.00,0.1,6.00,-1,-1,-0.1,2.50,0.00
2026-05-20 19:10:54.822,0.703,-0.571,0.00,0.1,6.00,-1,-1,-0.1,2.50,0.00
2026-05-20 19:10:55.822,0.698,-0.571,0.00,0.1,6.00,-1,-1,-0.1,2.50,0.00
2026-05-20 19:10:56.823,0.698,-0.571,0.00,0.1,6.00,-1,-1,-0.1,2.50,0.00
2026-05-20 19:10:57.824,0.703,-0.577,0.00,0.1,6.00,-1,-1,-0.1,2.50,0.00
2026-05-20 19:10:58.825,0.703,-0.566,0.00,0.1,6.00,-1,-1,-0.1,2.50,0.00
2026-05-20 19:10:59.826,0.703,-0.560,0.00,0.1,6.00,-1,-1,-0.1,2.50,0.00
2026-05-20 19:11:00.827,0.703,-0.560,0.00,0.1,6.00,-1,-1,-0.1,2.50,0.00
2026-05-20 19:11:01.828,0.703,-0.555,0.00,0.1,6.00,-1,-1,-0.1,2.50,0.00
2026-05-20 19:11:02.830,0.698,-0.560,0.00,0.1,6.00,-1,-1,-0.1,2.50,0.00
2026-05-20 19:11:03.830,0.698,-0.560,0.00,0.1,6.00,-1,-1,-0.1,2.50,0.00
2026-05-20 19:11:04.831,0.698,-0.560,0.00,0.1,6.00,-1,-1,-0.1,2.50,0.00
2026-05-20 19:11:05.832,0.698,-0.566,0.00,0.1,6.00,-1,-1,-0.1,2.50,0.00
2026-05-20 19:11:06.833,0.703,-0.560,0.00,0.1,6.00,-1,-1,-0.1,2.50,0.00
2026-05-20 19:11:07.834,0.703,-0.560,0.00,0.1,6.00,-1,-1,-0.1,2.50,0.00
2026-05-20 19:11:08.835,0.703,-0.566,0.00,0.1,6.00,-1,-1,-0.1,2.50,0.00
2026-05-20 19:11:09.836,0.703,-0.566,0.00,0.1,6.00,-1,-1,-0.1,2.50,0.00
2026-05-20 19:11:10.837,0.703,-0.566,0.00,0.1,6.00,-1,-1,-0.1,2.50,0.00
2026-05-20 19:11:11.838,0.703,-0.571,0.00,0.1,6.00,-1,-1,-0.1,2.50,0.00
2026-05-20 19:11:12.839,0.703,-0.571,0.00,0.1,6.00,-1,-1,-0.1,2.50,0.00
2026-05-20 19:11:13.840,0.703,-0.571,0.00,0.1,6.00,-1,-1,-0.1,2.50,0.00
2026-05-20 19:11:14.841,0.703,-0.577,0.00,0.1,6.00,-1,-1,-0.1,2.50,0.00
2026-05-20 19:11:15.843,0.703,-0.577,0.00,0.1,6.00,-1,-1,-0.1,2.50,0.00
2026-05-20 19:11:16.844,0.703,-0.577,0.00,0.1,6.00,-1,-1,-0.1,2.50,0.00
2026-05-20 19:11:17.845,0.703,-0.571,0.00,0.1,6.00,-1,-1,-0.1,2.50,0.00
2026-05-20 19:11:18.846,0.698,-0.566,0.00,0.1,6.00,-1,-1,-0.1,2.50,0.00
2026-05-20 19:11:19.847,0.698,-0.560,0.00,0.1,6.00,-1,-1,-0.1,2.50,0.00
2026-05-20 19:11:20.848,0.698,-0.560,0.00,0.1,6.00,-1,-1,-0.1,2.50,0.00
2026-05-20 19:11:21.848,0.698,-0.555,0.00,0.1,6.00,-1,-1,-0.1,2.50,0.00
2026-05-20 19:11:22.849,0.698,-0.560,0.00,0.1,6.00,-1,-1,-0.1,2.50,0.00
2026-05-20 19:11:23.850,0.698,-0.555,0.00,0.1,6.00,-1,-1,-0.1,2.50,0.00
2026-05-20 19:11:24.851,0.703,-0.560,0.00,0.1,6.00,-1,-1,-0.1,2.50,0.00
2026-05-20 19:11:25.852,0.698,-0.560,0.00,0.1,6.00,-1,-1,-0.1,2.50,0.00
2026-05-20 19:11:26.853,0.698,-0.555,0.00,0.1,6.00,-1,-1,-0.1,2.50,0.00
2026-05-20 19:11:27.853,0.698,-0.560,0.00,0.1,6.00,-1,-1,-0.1,2.50,0.00
2026-05-20 19:11:28.855,0.698,-0.560,0.00,0.1,6.00,-1,-1,-0.1,2.50,0.00
2026-05-20 19:11:29.855,0.698,-0.555,0.00,0.1,6.00,-1,-1,-0.1,2.50,0.00
2026-05-20 19:11:30.856,0.698,-0.555,0.00,0.1,6.00,-1,-1,-0.1,2.50,0.00
2026-05-20 19:11:31.856,0.698,-0.555,0.00,0.1,6.00,-1,-1,-0.1,2.50,0.00
2026-05-20 19:11:32.857,0.698,-0.555,0.00,0.1,6.00,-1,-1,-0.1,2.50,0.00
2026-05-20 19:11:33.857,0.698,-0.560,0.00,0.1,6.00,-1,-1,-0.1,2.50,0.00
2026-05-20 19:11:34.858,0.703,-0.566,0.00,0.1,6.00,-1,-1,-0.1,2.50,0.00
2026-05-20 19:11:35.860,0.703,-0.566,0.00,0.1,6.00,-1,-1,-0.1,2.50,0.00
2026-05-20 19:11:36.861,0.703,-0.571,0.00,0.1,6.00,-1,-1,-0.1,2.50,0.00
2026-05-20 19:11:37.861,0.698,-0.571,0.00,0.1,6.00,-1,-1,-0.1,2.50,0.00
2026-05-20 19:11:38.862,0.703,-0.560,0.00,0.1,6.00,-1,-1,-0.1,2.50,0.00
2026-05-20 19:11:39.863,0.698,-0.560,0.00,0.1,6.00,-1,-1,-0.1,2.50,0.00
2026-05-20 19:11:40.864,0.703,-0.560,0.00,0.1,6.00,-1,-1,-0.1,2.50,0.00
2026-05-20 19:11:41.865,0.703,-0.560,0.00,0.1,6.00,-1,-1,-0.1,2.50,0.00
2026-05-20 19:11:42.866,0.698,-0.560,0.00,0.1,6.00,-1,-1,-0.1,2.50,0.00
2026-05-20 19:11:43.867,0.698,-0.560,0.00,0.1,6.00,-1,-1,-0.1,2.50,0.00
2026-05-20 19:11:44.868,0.698,-0.560,0.00,0.1,6.00,-1,-1,-0.1,2.50,0.00
2026-05-20 19:11:45.868,0.703,-0.560,0.00,0.1,6.00,-1,-1,-0.1,2.50,0.00
2026-05-20 19:11:46.869,0.703,-0.560,0.00,0.1,6.00,-1,-1,-0.1,2.50,0.00
2026-05-20 19:11:47.870,0.703,-0.577,0.00,0.1,6.00,-1,-1,-0.1,2.50,0.00
2026-05-20 19:11:48.870,0.703,-0.577,0.00,0.1,6.00,-1,-1,-0.1,2.50,0.00
2026-05-20 19:11:49.871,0.703,-0.577,0.00,0.1,6.00,-1,-1,-0.1,2.50,0.00
2026-05-20 19:11:50.872,0.703,-0.571,0.00,0.1,6.00,-1,-1,-0.1,2.50,0.00
2026-05-20 19:11:51.873,0.703,-0.571,0.00,0.1,6.00,-1,-1,-0.1,2.50,0.00
2026-05-20 19:11:52.874,0.703,-0.571,0.00,0.1,6.00,-1,-1,-0.1,2.50,0.00
2026-05-20 19:11:53.875,0.703,-0.571,0.00,0.1,6.00,-1,-1,-0.1,2.50,0.00
2026-05-20 19:11:54.875,0.703,-0.571,0.00,0.1,6.00,-1,-1,-0.1,2.50,0.00
2026-05-20 19:11:55.876,0.703,-0.577,0.00,0.1,6.00,-1,-1,-0.1,2.50,0.00
2026-05-20 19:11:56.878,0.703,-0.577,0.00,0.1,6.00,-1,-1,-0.1,2.50,0.00
2026-05-20 19:11:57.878,0.703,-0.577,0.00,0.1,6.00,-1,-1,-0.1,2.50,0.00
2026-05-20 19:11:58.879,0.703,-0.577,0.00,0.1,6.00,-1,-1,-0.1,2.50,0.00
2026-05-20 19:11:59.880,0.703,-0.571,0.00,0.1,6.00,-1,-1,-0.1,2.50,0.00
2026-05-20 19:12:00.881,0.703,-0.571,0.00,0.1,6.00,-1,-1,-0.1,2.50,0.00
2026-05-20 19:12:01.882,0.698,-0.571,0.00,0.1,6.00,-1,-1,-0.1,2.50,0.00
2026-05-20 19:12:02.883,0.698,-0.571,0.00,0.1,6.00,-1,-1,-0.1,2.50,0.00
2026-05-20 19:12:03.884,0.698,-0.571,0.00,0.1,6.00,-1,-1,-0.1,2.50,0.00
2026-05-20 19:12:04.884,0.698,-0.571,0.00,0.1,6.00,-1,-1,-0.1,2.50,0.00
2026-05-20 19:12:05.885,0.698,-0.571,0.00,0.1,6.00,-1,-1,-0.1,2.50,0.00
2026-05-20 19:12:06.886,0.698,-0.571,0.00,0.1,6.00,-1,-1,-0.1,2.50,0.00
2026-05-20 19:12:07.886,0.703,-0.571,0.00,0.1,6.00,-1,-1,-0.1,2.50,0.00
2026-05-20 19:12:08.887,0.703,-0.571,0.00,0.1,6.00,-1,-1,-0.1,2.50,0.00
2026-05-20 19:12:09.887,0.703,-0.571,0.00,0.1,6.00,-1,-1,-0.1,2.50,0.00
2026-05-20 19:12:10.888,0.703,-0.571,0.00,0.1,6.00,-1,-1,-0.1,2.50,0.00
2026-05-20 19:12:11.888,0.703,-0.571,0.00,0.1,6.00,-1,-1,-0.1,2.50,0.00
2026-05-20 19:12:12.890,0.703,-0.571,0.00,0.1,6.00,-1,-1,-0.1,2.50,0.00
2026-05-20 19:12:13.891,0.703,-0.571,0.00,0.1,6.00,-1,-1,-0.1,2.50,0.00
2026-05-20 19:12:14.892,0.703,-0.571,0.00,0.1,6.00,-1,-1,-0.1,2.50,0.00
2026-05-20 19:12:15.893,0.703,-0.571,0.00,0.1,6.00,-1,-1,-0.1,2.50,0.00
2026-05-20 19:12:16.894,0.703,-0.560,0.00,0.1,6.00,-1,-1,-0.1,2.50,0.00
2026-05-20 19:12:17.895,0.703,-0.560,0.00,0.1,6.00,-1,-1,-0.1,2.50,0.00
2026-05-20 19:12:18.896,0.703,-0.571,0.00,0.1,6.00,-1,-1,-0.1,2.50,0.00
2026-05-20 19:12:19.897,0.698,-0.571,0.00,0.1,6.00,-1,-1,-0.1,2.50,0.00
2026-05-20 19:12:20.898,0.698,-0.566,0.00,0.1,6.00,-1,-1,-0.1,2.50,0.00
2026-05-20 19:12:21.899,0.698,-0.560,0.00,0.1,6.00,-1,-1,-0.1,2.50,0.00
2026-05-20 19:12:22.899,0.698,-0.560,0.00,0.1,6.00,-1,-1,-0.1,2.50,0.00
2026-05-20 19:12:23.900,0.698,-0.560,0.00,0.1,6.00,-1,-1,-0.1,2.50,0.00
2026-05-20 19:12:24.901,0.698,-0.560,0.00,0.1,6.00,-1,-1,-0.1,2.50,0.00
2026-05-20 19:12:25.902,0.698,-0.560,0.00,0.1,6.00,-1,-1,-0.1,2.50,0.00
2026-05-20 19:12:26.904,0.698,-0.560,0.00,0.1,6.00,-1,-1,-0.1,2.50,0.00
2026-05-20 19:12:27.904,0.703,-0.560,0.00,0.1,6.00,-1,-1,-0.1,2.50,0.00
2026-05-20 19:12:28.905,0.703,-0.560,0.00,0.1,6.00,-1,-1,-0.1,2.50,0.00
2026-05-20 19:12:29.906,0.703,-0.566,0.00,0.1,6.00,-1,-1,-0.1,2.50,0.00
2026-05-20 19:12:30.907,0.703,-0.560,0.00,0.1,6.00,-1,-1,-0.1,2.50,0.00
2026-05-20 19:12:31.907,0.698,-0.582,0.00,0.1,6.00,-1,-1,-0.1,2.50,0.00
2026-05-20 19:12:32.907,0.703,-0.577,0.00,0.1,6.00,-1,-1,-0.1,2.50,0.00
2026-05-20 19:12:33.909,0.703,-0.577,0.00,0.1,6.00,-1,-1,-0.1,2.50,0.00
2026-05-20 19:12:34.910,0.703,-0.577,0.00,0.1,6.00,-1,-1,-0.1,2.50,0.00
2026-05-20 19:12:35.911,0.703,-0.577,0.00,0.1,6.00,-1,-1,-0.1,2.50,0.00
2026-05-20 19:12:36.912,0.703,-0.577,0.00,0.1,6.00,-1,-1,-0.1,2.50,0.00
2026-05-20 19:12:37.913,0.698,-0.577,0.00,0.1,6.00,-1,-1,-0.1,2.50,0.00
2026-05-20 19:12:38.914,0.703,-0.577,0.00,0.1,6.00,-1,-1,-0.1,2.50,0.00
2026-05-20 19:12:39.915,0.703,-0.577,0.00,0.1,6.00,-1,-1,-0.1,2.50,0.00
2026-05-20 19:12:40.917,0.698,-0.577,0.00,0.1,6.00,-1,-1,-0.1,2.50,0.00
2026-05-20 19:12:41.917,0.698,-0.577,0.00,0.1,6.00,-1,-1,-0.1,2.50,0.00
2026-05-20 19:12:42.919,0.703,-0.571,0.00,0.1,6.00,-1,-1,-0.1,2.50,0.00
2026-05-20 19:12:43.920,0.698,-0.566,0.00,0.1,6.00,-1,-1,-0.1,2.50,0.00
2026-05-20 19:12:44.921,0.698,-0.560,0.00,0.1,6.00,-1,-1,-0.1,2.50,0.00
2026-05-20 19:12:45.921,0.703,-0.560,0.00,0.1,6.00,-1,-1,-0.1,2.50,0.00
2026-05-20 19:12:46.922,0.703,-0.560,0.00,0.1,6.00,-1,-1,-0.1,2.50,0.00
2026-05-20 19:12:47.924,0.703,-0.560,0.00,0.1,6.00,-1,-1,-0.1,2.50,0.00
2026-05-20 19:12:48.925,0.703,-0.566,0.00,0.1,6.00,-1,-1,-0.1,2.50,0.00
2026-05-20 19:12:49.925,0.703,-0.571,0.00,0.1,6.00,-1,-1,-0.1,2.50,0.00
2026-05-20 19:12:50.926,0.703,-0.577,0.00,0.1,6.00,-1,-1,-0.1,2.50,0.00
2026-05-20 19:12:51.926,0.703,-0.577,0.00,0.1,6.00,-1,-1,-0.1,2.50,0.00
2026-05-20 19:12:52.927,0.703,-0.571,0.00,0.1,6.00,-1,-1,-0.1,2.50,0.00
2026-05-20 19:12:53.928,0.703,-0.571,0.00,0.1,6.00,-1,-1,-0.1,2.50,0.00
2026-05-20 19:12:54.929,0.703,-0.571,0.00,0.1,6.00,-1,-1,-0.1,2.50,0.00
2026-05-20 19:12:55.930,0.703,-0.571,0.00,0.1,6.00,-1,-1,-0.1,2.50,0.00
2026-05-20 19:12:56.931,0.703,-0.571,0.00,0.1,6.00,-1,-1,-0.1,2.50,0.00
2026-05-20 19:12:57.932,0.703,-0.571,0.00,0.1,6.00,-1,-1,-0.1,2.50,0.00
2026-05-20 19:12:58.933,0.703,-0.571,0.00,0.1,6.00,-1,-1,-0.1,2.50,0.00
2026-05-20 19:12:59.934,0.703,-0.571,0.00,0.1,6.00,-1,-1,-0.1,2.50,0.00
2026-05-20 19:13:00.935,0.703,-0.571,0.00,0.1,6.00,-1,-1,-0.1,2.50,0.00
2026-05-20 19:13:01.936,0.703,-0.571,0.00,0.1,6.00,-1,-1,-0.1,2.50,0.00
2026-05-20 19:13:02.937,0.698,-0.577,0.00,0.1,6.00,-1,-1,-0.1,2.50,0.00
2026-05-20 19:13:03.938,0.698,-0.577,0.00,0.1,6.00,-1,-1,-0.1,2.50,0.00
2026-05-20 19:13:04.938,0.698,-0.577,0.00,0.1,6.00,-1,-1,-0.1,2.50,0.00
2026-05-20 19:13:05.939,0.703,-0.582,0.00,0.1,6.00,-1,-1,-0.1,2.50,0.00
2026-05-20 19:13:06.941,0.703,-0.582,0.00,0.1,6.00,-1,-1,-0.1,2.50,0.00
2026-05-20 19:13:07.942,0.698,-0.577,0.00,0.1,6.00,-1,-1,-0.1,2.50,0.00
2026-05-20 19:13:08.943,0.703,-0.577,0.00,0.1,6.00,-1,-1,-0.1,2.50,0.00
2026-05-20 19:13:09.944,0.703,-0.577,0.00,0.1,6.00,-1,-1,-0.1,2.50,0.00
2026-05-20 19:13:10.945,0.703,-0.577,0.00,0.1,6.00,-1,-1,-0.1,2.50,0.00
2026-05-20 19:13:11.946,0.703,-0.577,0.00,0.1,6.00,-1,-1,-0.1,2.50,0.00
2026-05-20 19:13:12.947,0.703,-0.577,0.00,0.1,6.00,-1,-1,-0.1,2.50,0.00
2026-05-20 19:13:13.947,0.709,-0.577,0.00,0.1,6.00,-1,-1,-0.1,2.50,0.00
2026-05-20 19:13:14.948,0.703,-0.577,0.00,0.1,6.00,-1,-1,-0.1,2.50,0.00
2026-05-20 19:13:15.949,0.703,-0.577,0.00,0.1,6.00,-1,-1,-0.1,2.50,0.00
2026-05-20 19:13:16.950,0.703,-0.577,0.00,0.1,6.00,-1,-1,-0.1,2.50,0.00
2026-05-20 19:13:17.951,0.703,-0.577,0.00,0.1,6.00,-1,-1,-0.1,2.50,0.00
2026-05-20 19:13:18.952,0.703,-0.577,0.00,0.1,6.00,-1,-1,-0.1,2.50,0.00
2026-05-20 19:13:19.952,0.698,-0.577,0.00,0.1,6.00,-1,-1,-0.1,2.50,0.00
2026-05-20 19:13:20.953,0.703,-0.577,0.00,0.1,6.00,-1,-1,-0.1,2.50,0.00
2026-05-20 19:13:21.954,0.698,-0.577,0.00,0.1,6.00,-1,-1,-0.1,2.50,0.00
2026-05-20 19:13:22.956,0.703,-0.577,0.00,0.1,6.00,-1,-1,-0.1,2.50,0.00
2026-05-20 19:13:23.956,0.703,-0.577,0.00,0.1,6.00,-1,-1,-0.1,2.50,0.00
2026-05-20 19:13:24.958,0.703,-0.577,0.00,0.1,6.00,-1,-1,-0.1,2.50,0.00
2026-05-20 19:13:25.959,0.703,-0.577,0.00,0.1,6.00,-1,-1,-0.1,2.50,0.00
2026-05-20 19:13:26.960,0.703,-0.571,0.00,0.1,6.00,-1,-1,-0.1,2.50,0.00
2026-05-20 19:13:27.960,0.698,-0.566,0.00,0.1,6.00,-1,-1,-0.1,2.50,0.00
2026-05-20 19:13:28.962,0.698,-0.566,0.00,0.1,6.00,-1,-1,-0.1,2.50,0.00
2026-05-20 19:13:29.963,0.698,-0.566,0.00,0.1,6.00,-1,-1,-0.1,2.50,0.00
2026-05-20 19:13:30.964,0.698,-0.560,0.00,0.1,6.00,-1,-1,-0.1,2.50,0.00
2026-05-20 19:13:31.966,0.703,-0.560,0.00,0.1,6.00,-1,-1,-0.1,2.50,0.00
2026-05-20 19:13:32.967,0.703,-0.560,0.00,0.1,6.00,-1,-1,-0.1,2.50,0.00
2026-05-20 19:13:33.968,0.698,-0.566,0.00,0.1,6.00,-1,-1,-0.1,2.50,0.00
2026-05-20 19:13:34.969,0.698,-0.571,0.00,0.1,6.00,-1,-1,-0.1,2.50,0.00
2026-05-20 19:13:35.969,0.698,-0.577,0.00,0.1,6.00,-1,-1,-0.1,2.50,0.00
2026-05-20 19:13:36.969,0.698,-0.577,0.00,0.1,6.00,-1,-1,-0.1,2.50,0.00
2026-05-20 19:13:37.970,0.698,-0.577,0.00,0.1,6.00,-1,-1,-0.1,2.50,0.00
2026-05-20 19:13:38.971,0.698,-0.577,0.00,0.1,6.00,-1,-1,-0.1,2.50,0.00
2026-05-20 19:13:39.971,0.698,-0.577,0.00,0.1,6.00,-1,-1,-0.1,2.50,0.00
2026-05-20 19:13:40.972,0.698,-0.577,0.00,0.1,6.00,-1,-1,-0.1,2.50,0.00
2026-05-20 19:13:41.972,0.703,-0.577,0.00,0.1,6.00,-1,-1,-0.1,2.50,0.00
2026-05-20 19:13:42.974,0.703,-0.571,0.00,0.1,6.00,-1,-1,-0.1,2.50,0.00
2026-05-20 19:13:43.975,0.703,-0.571,0.00,0.1,6.00,-1,-1,-0.1,2.50,0.00
2026-05-20 19:13:44.975,0.703,-0.571,0.00,0.1,6.00,-1,-1,-0.1,2.50,0.00
2026-05-20 19:13:45.976,0.703,-0.577,0.00,0.1,6.00,-1,-1,-0.1,2.50,0.00
2026-05-20 19:13:46.977,0.703,-0.571,0.00,0.1,6.00,-1,-1,-0.1,2.50,0.00
2026-05-20 19:13:47.977,0.703,-0.571,0.00,0.1,6.00,-1,-1,-0.1,2.50,0.00
2026-05-20 19:13:48.978,0.703,-0.577,0.00,0.1,6.00,-1,-1,-0.1,2.50,0.00
2026-05-20 19:13:49.979,0.703,-0.571,0.00,0.1,6.00,-1,-1,-0.1,2.50,0.00
2026-05-20 19:13:50.981,0.703,-0.560,0.00,0.1,6.00,-1,-1,-0.1,2.50,0.00
2026-05-20 19:13:51.982,0.698,-0.555,0.00,0.1,6.00,-1,-1,-0.1,2.50,0.00
2026-05-20 19:13:52.982,0.703,-0.555,0.00,0.1,6.00,-1,-1,-0.1,2.50,0.00
2026-05-20 19:13:53.983,0.703,-0.560,0.00,0.1,6.00,-1,-1,-0.1,2.50,0.00
2026-05-20 19:13:54.984,0.698,-0.566,0.00,0.1,6.00,-1,-1,-0.1,2.50,0.00
2026-05-20 19:13:55.986,0.703,-0.571,0.00,0.1,6.00,-1,-1,-0.1,2.50,0.00
2026-05-20 19:13:56.987,0.703,-0.577,0.00,0.1,6.00,-1,-1,-0.1,2.50,0.00
2026-05-20 19:13:57.988,0.703,-0.577,0.00,0.1,6.00,-1,-1,-0.1,2.50,0.00
2026-05-20 19:13:58.989,0.703,-0.582,0.00,0.1,6.00,-1,-1,-0.1,2.50,0.00
2026-05-20 19:13:59.990,0.703,-0.582,0.00,0.1,6.00,-1,-1,-0.1,2.50,0.00
2026-05-20 19:14:00.991,0.703,-0.582,0.00,0.1,6.00,-1,-1,-0.1,2.50,0.00
2026-05-20 19:14:01.992,0.703,-0.582,0.00,0.1,6.00,-1,-1,-0.1,2.50,0.00
2026-05-20 19:14:02.993,0.703,-0.582,0.00,0.1,6.00,-1,-1,-0.1,2.50,0.00
2026-05-20 19:14:03.994,0.698,-0.582,0.00,0.1,6.00,-1,-1,-0.1,2.50,0.00
2026-05-20 19:14:04.995,0.703,-0.582,0.00,0.1,6.00,-1,-1,-0.1,2.50,0.00
2026-05-20 19:14:05.996,0.703,-0.582,0.00,0.1,6.00,-1,-1,-0.1,2.50,0.00
2026-05-20 19:14:06.997,0.703,-0.582,0.00,0.1,6.00,-1,-1,-0.1,2.50,0.00
2026-05-20 19:14:07.998,0.703,-0.582,0.00,0.1,6.00,-1,-1,-0.1,2.50,0.00
2026-05-20 19:14:08.999,0.703,-0.577,0.00,0.1,6.00,-1,-1,-0.1,2.50,0.00
2026-05-20 19:14:10.000,0.703,-0.582,0.00,0.1,6.00,-1,-1,-0.1,2.50,0.00
2026-05-20 19:14:11.001,0.703,-0.582,0.00,0.1,6.00,-1,-1,-0.1,2.50,0.00
2026-05-20 19:14:12.002,0.703,-0.582,0.00,0.1,6.00,-1,-1,-0.1,2.50,0.00
2026-05-20 19:14:13.003,0.703,-0.588,0.00,0.1,6.00,-1,-1,-0.1,2.50,0.00
2026-05-20 19:14:14.004,0.703,-0.582,0.00,0.1,6.00,-1,-1,-0.1,2.50,0.00
2026-05-20 19:14:15.004,0.703,-0.577,0.00,0.1,6.00,-1,-1,-0.1,2.50,0.00
2026-05-20 19:14:16.005,0.703,-0.577,0.00,0.1,6.00,-1,-1,-0.1,2.50,0.00
2026-05-20 19:14:17.006,0.703,-0.582,0.00,0.1,6.00,-1,-1,-0.1,2.50,0.00
2026-05-20 19:14:18.007,0.703,-0.582,0.00,0.1,6.00,-1,-1,-0.1,2.50,0.00
2026-05-20 19:14:19.008,0.698,-0.577,0.00,0.1,6.00,-1,-1,-0.1,2.50,0.00
2026-05-20 19:14:20.008,0.698,-0.571,0.00,0.1,6.00,-1,-1,-0.1,2.50,0.00
2026-05-20 19:14:21.009,0.698,-0.566,0.00,0.1,6.00,-1,-1,-0.1,2.50,0.00
2026-05-20 19:14:22.010,0.698,-0.566,0.00,0.1,6.00,-1,-1,-0.1,2.50,0.00
2026-05-20 19:14:23.011,0.703,-0.571,0.00,0.1,6.00,-1,-1,-0.1,2.50,0.00
2026-05-20 19:14:24.012,0.703,-0.566,0.00,0.1,6.00,-1,-1,-0.1,2.50,0.00
2026-05-20 19:14:25.012,0.703,-0.566,0.00,0.1,6.00,-1,-1,-0.1,2.50,0.00
2026-05-20 19:14:26.014,0.698,-0.566,0.00,0.1,6.00,-1,-1,-0.1,2.50,0.00
2026-05-20 19:14:27.014,0.698,-0.566,0.00,0.1,6.00,-1,-1,-0.1,2.50,0.00
2026-05-20 19:14:28.015,0.703,-0.566,0.00,0.1,6.00,-1,-1,-0.1,2.50,0.00
2026-05-20 19:14:29.016,0.703,-0.560,0.00,0.1,6.00,-1,-1,-0.1,2.50,0.00
2026-05-20 19:14:30.017,0.698,-0.560,0.00,0.1,6.00,-1,-1,-0.1,2.50,0.00
2026-05-20 19:14:31.018,0.698,-0.566,0.00,0.1,6.00,-1,-1,-0.1,2.50,0.00
2026-05-20 19:14:32.019,0.698,-0.566,0.00,0.1,6.00,-1,-1,-0.1,2.50,0.00
2026-05-20 19:14:33.020,0.698,-0.571,0.00,0.1,6.00,-1,-1,-0.1,2.50,0.00
2026-05-20 19:14:34.021,0.698,-0.577,0.00,0.1,6.00,-1,-1,-0.1,2.50,0.00
2026-05-20 19:14:35.022,0.698,-0.571,0.00,0.1,6.00,-1,-1,-0.1,2.50,0.00
2026-05-20 19:14:36.023,0.698,-0.571,0.00,0.1,6.00,-1,-1,-0.1,2.50,0.00
2026-05-20 19:14:37.024,0.698,-0.571,0.00,0.1,6.00,-1,-1,-0.1,2.50,0.00
2026-05-20 19:14:38.026,0.698,-0.571,0.00,0.1,6.00,-1,-1,-0.1,2.50,0.00
2026-05-20 19:14:39.027,0.698,-0.566,0.00,0.1,6.00,-1,-1,-0.1,2.50,0.00
2026-05-20 19:14:40.028,0.698,-0.566,0.00,0.1,6.00,-1,-1,-0.1,2.50,0.00
2026-05-20 19:14:41.028,0.698,-0.566,0.00,0.1,6.00,-1,-1,-0.1,2.50,0.00
2026-05-20 19:14:42.029,0.698,-0.566,0.00,0.1,6.00,-1,-1,-0.1,2.50,0.00
2026-05-20 19:14:43.030,0.698,-0.566,0.00,0.1,6.00,-1,-1,-0.1,2.50,0.00
2026-05-20 19:14:44.031,0.698,-0.566,0.00,0.1,6.00,-1,-1,-0.1,2.50,0.00
2026-05-20 19:14:45.032,0.698,-0.560,0.00,0.1,6.00,-1,-1,-0.1,2.50,0.00
2026-05-20 19:14:46.033,0.698,-0.566,0.00,0.1,6.00,-1,-1,-0.1,2.50,0.00
2026-05-20 19:14:47.034,0.698,-0.566,0.00,0.1,6.00,-1,-1,-0.1,2.50,0.00
2026-05-20 19:14:48.035,0.698,-0.560,0.00,0.1,6.00,-1,-1,-0.1,2.50,0.00
2026-05-20 19:14:49.035,0.698,-0.560,0.00,0.1,6.00,-1,-1,-0.1,2.50,0.00
2026-05-20 19:14:50.037,0.698,-0.555,0.00,0.1,6.00,-1,-1,-0.1,2.50,0.00
2026-05-20 19:14:51.038,0.698,-0.560,0.00,0.1,6.00,-1,-1,-0.1,2.50,0.00
2026-05-20 19:14:52.038,0.698,-0.560,0.00,0.1,6.00,-1,-1,-0.1,2.50,0.00
2026-05-20 19:14:53.039,0.703,-0.560,0.00,0.1,6.00,-1,-1,-0.1,2.50,0.00
2026-05-20 19:14:54.040,0.698,-0.555,0.00,0.1,6.00,-1,-1,-0.1,2.50,0.00
2026-05-20 19:14:55.041,0.703,-0.544,0.00,0.1,6.00,-1,-1,-0.1,2.50,0.00
2026-05-20 19:14:56.042,0.709,-0.538,0.00,0.1,6.00,-1,-1,-0.1,2.50,0.00
2026-05-20 19:14:57.044,0.714,-0.560,0.00,0.1,6.00,-1,-1,-0.1,2.50,0.00
2026-05-20 19:14:58.045,0.709,-0.571,0.00,0.1,6.00,-1,-1,-0.1,2.50,0.00
2026-05-20 19:14:59.045,0.709,-0.582,0.00,0.1,6.00,-1,-1,-0.1,2.50,0.00
2026-05-20 19:15:00.047,0.703,-0.588,0.00,0.1,6.00,-1,-1,-0.1,2.50,0.00
2026-05-20 19:15:01.048,0.703,-0.593,0.00,0.1,6.00,-1,-1,-0.1,2.50,0.00
2026-05-20 19:15:02.049,0.703,-0.593,0.00,0.1,6.00,-1,-1,-0.1,2.50,0.00
2026-05-20 19:15:03.049,0.703,-0.593,0.00,0.1,6.00,-1,-1,-0.1,2.50,0.00
2026-05-20 19:15:04.050,0.703,-0.593,0.00,0.1,6.00,-1,-1,-0.1,2.50,0.00
2026-05-20 19:15:05.051,0.698,-0.593,0.00,0.1,6.00,-1,-1,-0.1,2.50,0.00
2026-05-20 19:15:06.052,0.698,-0.582,0.00,0.1,6.00,-1,-1,-0.1,2.50,0.00
2026-05-20 19:15:07.052,0.698,-0.577,0.00,0.1,6.00,-1,-1,-0.1,2.50,0.00
2026-05-20 19:15:08.053,0.698,-0.571,0.00,0.1,6.00,-1,-1,-0.1,2.50,0.00
2026-05-20 19:15:09.054,0.698,-0.566,0.00,0.1,6.00,-1,-1,-0.1,2.50,0.00
2026-05-20 19:15:10.055,0.698,-0.566,0.00,0.1,6.00,-1,-1,-0.1,2.50,0.00
2026-05-20 19:15:11.056,0.698,-0.560,0.00,0.1,6.00,-1,-1,-0.1,2.50,0.00
2026-05-20 19:15:12.057,0.698,-0.560,0.00,0.1,6.00,-1,-1,-0.1,2.50,0.00
2026-05-20 19:15:13.058,0.698,-0.560,0.00,0.1,6.00,-1,-1,-0.1,2.50,0.00
2026-05-20 19:15:14.059,0.698,-0.560,0.00,0.1,6.00,-1,-1,-0.1,2.50,0.00
2026-05-20 19:15:15.060,0.698,-0.560,0.00,0.1,6.00,-1,-1,-0.1,2.50,0.00
2026-05-20 19:15:16.061,0.698,-0.560,0.00,0.1,6.00,-1,-1,-0.1,2.50,0.00
2026-05-20 19:15:17.062,0.698,-0.566,0.00,0.1,6.00,-1,-1,-0.1,2.50,0.00
2026-05-20 19:15:18.062,0.698,-0.571,0.00,0.1,6.00,-1,-1,-0.1,2.50,0.00
2026-05-20 19:15:19.063,0.698,-0.571,0.00,0.1,6.00,-1,-1,-0.1,2.50,0.00
2026-05-20 19:15:20.063,0.698,-0.577,0.00,0.1,6.00,-1,-1,-0.1,2.50,0.00
2026-05-20 19:15:21.064,0.698,-0.577,0.00,0.1,6.00,-1,-1,-0.1,2.50,0.00
2026-05-20 19:15:22.065,0.698,-0.571,0.00,0.1,6.00,-1,-1,-0.1,2.50,0.00
2026-05-20 19:15:23.066,0.698,-0.566,0.00,0.1,6.00,-1,-1,-0.1,2.50,0.00
2026-05-20 19:15:24.068,0.703,-0.560,0.00,0.1,6.00,-1,-1,-0.1,2.50,0.00
2026-05-20 19:15:25.069,0.698,-0.566,0.00,0.1,6.00,-1,-1,-0.1,2.50,0.00
2026-05-20 19:15:26.070,0.703,-0.566,0.00,0.1,6.00,-1,-1,-0.1,2.50,0.00
2026-05-20 19:15:27.070,0.698,-0.560,0.00,0.1,6.00,-1,-1,-0.1,2.50,0.00
2026-05-20 19:15:28.072,0.698,-0.566,0.00,0.1,6.00,-1,-1,-0.1,2.50,0.00
2026-05-20 19:15:29.073,0.698,-0.566,0.00,0.1,6.00,-1,-1,-0.1,2.50,0.00
2026-05-20 19:15:30.074,0.698,-0.566,0.00,0.1,6.00,-1,-1,-0.1,2.50,0.00
2026-05-20 19:15:31.075,0.698,-0.566,0.00,0.1,6.00,-1,-1,-0.1,2.50,0.00
2026-05-20 19:15:32.076,0.703,-0.571,0.00,0.1,6.00,-1,-1,-0.1,2.50,0.00
2026-05-20 19:15:33.077,0.703,-0.577,0.00,0.1,6.00,-1,-1,-0.1,2.50,0.00
2026-05-20 19:15:34.078,0.703,-0.577,0.00,0.1,6.00,-1,-1,-0.1,2.50,0.00
2026-05-20 19:15:35.080,0.698,-0.571,0.00,0.1,6.00,-1,-1,-0.1,2.50,0.00
2026-05-20 19:15:36.081,0.698,-0.560,0.00,0.1,6.00,-1,-1,-0.1,2.50,0.00
2026-05-20 19:15:37.082,0.698,-0.560,0.00,0.1,6.00,-1,-1,-0.1,2.50,0.00
2026-05-20 19:15:38.083,0.698,-0.555,0.00,0.1,6.00,-1,-1,-0.1,2.50,0.00
2026-05-20 19:15:39.084,0.692,-0.560,0.00,0.1,6.00,-1,-1,-0.1,2.50,0.00
2026-05-20 19:15:40.085,0.692,-0.560,0.00,0.1,6.00,-1,-1,-0.1,2.50,0.00
2026-05-20 19:15:41.086,0.698,-0.560,0.00,0.1,6.00,-1,-1,-0.1,2.50,0.00
2026-05-20 19:15:42.088,0.698,-0.560,0.00,0.1,6.00,-1,-1,-0.1,2.50,0.00
2026-05-20 19:15:43.089,0.698,-0.571,0.00,0.1,6.00,-1,-1,-0.1,2.50,0.00
2026-05-20 19:15:44.090,0.698,-0.571,0.00,0.1,6.00,-1,-1,-0.1,2.50,0.00
2026-05-20 19:15:45.091,0.698,-0.577,0.00,0.1,6.00,-1,-1,-0.1,2.50,0.00
2026-05-20 19:15:46.092,0.698,-0.577,0.00,0.1,6.00,-1,-1,-0.1,2.50,0.00
2026-05-20 19:15:47.093,0.703,-0.577,0.00,0.1,6.00,-1,-1,-0.1,2.50,0.00
2026-05-20 19:15:48.094,0.703,-0.571,0.00,0.1,6.00,-1,-1,-0.1,2.50,0.00
2026-05-20 19:15:49.094,0.703,-0.566,0.00,0.1,6.00,-1,-1,-0.1,2.50,0.00
2026-05-20 19:15:50.095,0.698,-0.566,0.00,0.1,6.00,-1,-1,-0.1,2.50,0.00
2026-05-20 19:15:51.097,0.698,-0.560,0.00,0.1,6.00,-1,-1,-0.1,2.50,0.00
2026-05-20 19:15:52.097,0.698,-0.560,0.00,0.1,6.00,-1,-1,-0.1,2.50,0.00
2026-05-20 19:15:53.098,0.698,-0.560,0.00,0.1,6.00,-1,-1,-0.1,2.50,0.00
2026-05-20 19:15:54.099,0.698,-0.560,0.00,0.1,6.00,-1,-1,-0.1,2.50,0.00
2026-05-20 19:15:55.100,0.698,-0.560,0.00,0.1,6.00,-1,-1,-0.1,2.50,0.00
2026-05-20 19:15:56.101,0.698,-0.555,0.00,0.1,6.00,-1,-1,-0.1,2.50,0.00
2026-05-20 19:15:57.102,0.698,-0.560,0.00,0.1,6.00,-1,-1,-0.1,2.50,0.00
2026-05-20 19:15:58.103,0.698,-0.560,0.00,0.1,6.00,-1,-1,-0.1,2.50,0.00
2026-05-20 19:15:59.105,0.698,-0.560,0.00,0.1,6.00,-1,-1,-0.1,2.50,0.00
2026-05-20 19:16:00.105,0.698,-0.560,0.00,0.1,6.00,-1,-1,-0.1,2.50,0.00
2026-05-20 19:16:01.106,0.698,-0.560,0.00,0.1,6.00,-1,-1,-0.1,2.50,0.00
2026-05-20 19:16:02.107,0.698,-0.560,0.00,0.1,6.00,-1,-1,-0.1,2.50,0.00
2026-05-20 19:16:03.107,0.698,-0.560,0.00,0.1,6.00,-1,-1,-0.1,2.50,0.00
2026-05-20 19:16:04.109,0.698,-0.560,0.00,0.1,6.00,-1,-1,-0.1,2.50,0.00
2026-05-20 19:16:05.109,0.698,-0.560,0.00,0.1,6.00,-1,-1,-0.1,2.50,0.00
2026-05-20 19:16:06.110,0.698,-0.560,0.00,0.1,6.00,-1,-1,-0.1,2.50,0.00
2026-05-20 19:16:07.111,0.698,-0.560,0.00,0.1,6.00,-1,-1,-0.1,2.50,0.00
2026-05-20 19:16:08.112,0.698,-0.566,0.00,0.1,6.00,-1,-1,-0.1,2.50,0.00
2026-05-20 19:16:09.113,0.698,-0.560,0.00,0.1,6.00,-1,-1,-0.1,2.50,0.00
2026-05-20 19:16:10.115,0.698,-0.560,0.00,0.1,6.00,-1,-1,-0.1,2.50,0.00
2026-05-20 19:16:11.116,0.698,-0.560,0.00,0.1,6.00,-1,-1,-0.1,2.50,0.00
2026-05-20 19:16:12.116,0.698,-0.555,0.00,0.1,6.00,-1,-1,-0.1,2.50,0.00
2026-05-20 19:16:13.118,0.698,-0.560,0.00,0.1,6.00,-1,-1,-0.1,2.50,0.00
2026-05-20 19:16:14.119,0.698,-0.560,0.00,0.1,6.00,-1,-1,-0.1,2.50,0.00
2026-05-20 19:16:15.120,0.698,-0.560,0.00,0.1,6.00,-1,-1,-0.1,2.50,0.00
2026-05-20 19:16:16.120,0.698,-0.555,0.00,0.1,6.00,-1,-1,-0.1,2.50,0.00
2026-05-20 19:16:17.121,0.698,-0.560,0.00,0.1,6.00,-1,-1,-0.1,2.50,0.00
2026-05-20 19:16:18.122,0.698,-0.560,0.00,0.1,6.00,-1,-1,-0.1,2.50,0.00
2026-05-20 19:16:19.122,0.698,-0.555,0.00,0.1,6.00,-1,-1,-0.1,2.50,0.00
2026-05-20 19:16:20.124,0.698,-0.555,0.00,0.1,6.00,-1,-1,-0.1,2.50,0.00
2026-05-20 19:16:21.124,0.698,-0.555,0.00,0.1,6.00,-1,-1,-0.1,2.50,0.00
2026-05-20 19:16:22.126,0.698,-0.555,0.00,0.1,6.00,-1,-1,-0.1,2.50,0.00
2026-05-20 19:16:23.127,0.698,-0.560,0.00,0.1,6.00,-1,-1,-0.1,2.50,0.00
2026-05-20 19:16:24.128,0.698,-0.555,0.00,0.1,6.00,-1,-1,-0.1,2.50,0.00
2026-05-20 19:16:25.130,0.703,-0.560,0.00,0.1,6.00,-1,-1,-0.1,2.50,0.00
2026-05-20 19:16:26.131,0.703,-0.566,0.00,0.1,6.00,-1,-1,-0.1,2.50,0.00
2026-05-20 19:16:27.131,0.703,-0.571,0.00,0.1,6.00,-1,-1,-0.1,2.50,0.00
2026-05-20 19:16:28.133,0.698,-0.571,0.00,0.1,6.00,-1,-1,-0.1,2.50,0.00
2026-05-20 19:16:29.133,0.698,-0.571,0.00,0.1,6.00,-1,-1,-0.1,2.50,0.00
2026-05-20 19:16:30.134,0.698,-0.571,0.00,0.1,6.00,-1,-1,-0.1,2.50,0.00
2026-05-20 19:16:31.135,0.698,-0.566,0.00,0.1,6.00,-1,-1,-0.1,2.50,0.00
2026-05-20 19:16:32.136,0.698,-0.560,0.00,0.1,6.00,-1,-1,-0.1,2.50,0.00
2026-05-20 19:16:33.137,0.698,-0.560,0.00,0.1,6.00,-1,-1,-0.1,2.50,0.00
2026-05-20 19:16:34.138,0.698,-0.560,0.00,0.1,6.00,-1,-1,-0.1,2.50,0.00
2026-05-20 19:16:35.138,0.698,-0.566,0.00,0.1,6.00,-1,-1,-0.1,2.50,0.00
2026-05-20 19:16:36.140,0.698,-0.566,0.00,0.1,6.00,-1,-1,-0.1,2.50,0.00
2026-05-20 19:16:37.140,0.698,-0.566,0.00,0.1,6.00,-1,-1,-0.1,2.50,0.00
2026-05-20 19:16:38.141,0.698,-0.566,0.00,0.1,6.00,-1,-1,-0.1,2.50,0.00
2026-05-20 19:16:39.142,0.698,-0.566,0.00,0.1,6.00,-1,-1,-0.1,2.50,0.00
2026-05-20 19:16:40.144,0.698,-0.566,0.00,0.1,6.00,-1,-1,-0.1,2.50,0.00
2026-05-20 19:16:41.144,0.698,-0.566,0.00,0.1,6.00,-1,-1,-0.1,2.50,0.00
2026-05-20 19:16:42.145,0.698,-0.560,0.00,0.1,6.00,-1,-1,-0.1,2.50,0.00
2026-05-20 19:16:43.147,0.698,-0.560,0.00,0.1,6.00,-1,-1,-0.1,2.50,0.00
2026-05-20 19:16:44.148,0.698,-0.555,0.00,0.1,6.00,-1,-1,-0.1,2.50,0.00
2026-05-20 19:16:45.148,0.698,-0.555,0.00,0.1,6.00,-1,-1,-0.1,2.50,0.00
2026-05-20 19:16:46.150,0.698,-0.560,0.00,0.1,6.00,-1,-1,-0.1,2.50,0.00
2026-05-20 19:16:47.150,0.698,-0.560,0.00,0.1,6.00,-1,-1,-0.1,2.50,0.00
2026-05-20 19:16:48.151,0.698,-0.566,0.00,0.1,6.00,-1,-1,-0.1,2.50,0.00
2026-05-20 19:16:49.152,0.698,-0.571,0.00,0.1,6.00,-1,-1,-0.1,2.50,0.00
2026-05-20 19:16:50.154,0.698,-0.571,0.00,0.1,6.00,-1,-1,-0.1,2.50,0.00
2026-05-20 19:16:51.155,0.698,-0.571,0.00,0.1,6.00,-1,-1,-0.1,2.50,0.00
2026-05-20 19:16:52.156,0.698,-0.571,0.00,0.1,6.00,-1,-1,-0.1,2.50,0.00
2026-05-20 19:16:53.157,0.698,-0.566,0.00,0.1,6.00,-1,-1,-0.1,2.50,0.00
2026-05-20 19:16:54.158,0.698,-0.560,0.00,0.1,6.00,-1,-1,-0.1,2.50,0.00
2026-05-20 19:16:55.159,0.698,-0.566,0.00,0.1,6.00,-1,-1,-0.1,2.50,0.00
2026-05-20 19:16:56.160,0.698,-0.560,0.00,0.1,6.00,-1,-1,-0.1,2.50,0.00
2026-05-20 19:16:57.162,0.703,-0.566,0.00,0.1,6.00,-1,-1,-0.1,2.50,0.00
2026-05-20 19:16:58.163,0.703,-0.566,0.00,0.1,6.00,-1,-1,-0.1,2.50,0.00
2026-05-20 19:16:59.164,0.703,-0.566,0.00,0.1,6.00,-1,-1,-0.1,2.50,0.00
2026-05-20 19:17:00.166,0.703,-0.571,0.00,0.1,6.00,-1,-1,-0.1,2.50,0.00
2026-05-20 19:17:01.166,0.703,-0.571,0.00,0.1,6.00,-1,-1,-0.1,2.50,0.00
2026-05-20 19:17:02.168,0.703,-0.571,0.00,0.1,6.00,-1,-1,-0.1,2.50,0.00
2026-05-20 19:17:03.168,0.703,-0.571,0.00,0.1,6.00,-1,-1,-0.1,2.50,0.00
2026-05-20 19:17:04.169,0.703,-0.566,0.00,0.1,6.00,-1,-1,-0.1,2.50,0.00
2026-05-20 19:17:05.171,0.698,-0.571,0.00,0.1,6.00,-1,-1,-0.1,2.50,0.00
2026-05-20 19:17:06.171,0.698,-0.571,0.00,0.1,6.00,-1,-1,-0.1,2.50,0.00
2026-05-20 19:17:07.172,0.698,-0.571,0.00,0.1,6.00,-1,-1,-0.1,2.50,0.00
2026-05-20 19:17:08.172,0.698,-0.571,0.00,0.1,6.00,-1,-1,-0.1,2.50,0.00
2026-05-20 19:17:09.173,0.698,-0.560,0.00,0.1,6.00,-1,-1,-0.1,2.50,0.00
2026-05-20 19:17:10.174,0.698,-0.560,0.00,0.1,6.00,-1,-1,-0.1,2.50,0.00
2026-05-20 19:17:11.175,0.698,-0.560,0.00,0.1,6.00,-1,-1,-0.1,2.50,0.00
2026-05-20 19:17:12.176,0.698,-0.566,0.00,0.1,6.00,-1,-1,-0.1,2.50,0.00
2026-05-20 19:17:13.176,0.698,-0.566,0.00,0.1,6.00,-1,-1,-0.1,2.50,0.00
2026-05-20 19:17:14.177,0.698,-0.571,0.00,0.1,6.00,-1,-1,-0.1,2.50,0.00
2026-05-20 19:17:15.178,0.698,-0.582,0.00,0.1,6.00,-1,-1,-0.1,2.50,0.00
2026-05-20 19:17:16.179,0.698,-0.582,0.00,0.1,6.00,-1,-1,-0.1,2.50,0.00
2026-05-20 19:17:17.180,0.698,-0.577,0.00,0.1,6.00,-1,-1,-0.1,2.50,0.00
2026-05-20 19:17:18.180,0.698,-0.571,0.00,0.1,6.00,-1,-1,-0.1,2.50,0.00
2026-05-20 19:17:19.182,0.698,-0.560,0.00,0.1,6.00,-1,-1,-0.1,2.50,0.00
2026-05-20 19:17:20.183,0.698,-0.560,0.00,0.1,6.00,-1,-1,-0.1,2.50,0.00
2026-05-20 19:17:21.184,0.698,-0.560,0.00,0.1,6.00,-1,-1,-0.1,2.50,0.00
2026-05-20 19:17:22.184,0.698,-0.560,0.00,0.1,6.00,-1,-1,-0.1,2.50,0.00
2026-05-20 19:17:23.185,0.698,-0.549,0.00,0.1,6.00,-1,-1,-0.1,2.50,0.00
2026-05-20 19:17:24.186,0.692,-0.544,0.00,0.1,6.00,-1,-1,-0.1,2.50,0.00
2026-05-20 19:17:25.188,0.692,-0.549,0.00,0.1,6.00,-1,-1,-0.1,2.50,0.00
2026-05-20 19:17:26.188,0.698,-0.555,0.00,0.1,6.00,-1,-1,-0.1,2.50,0.00
2026-05-20 19:17:27.189,0.698,-0.560,0.00,0.1,6.00,-1,-1,-0.1,2.50,0.00
2026-05-20 19:17:28.189,0.698,-0.566,0.00,0.1,6.00,-1,-1,-0.1,2.50,0.00
2026-05-20 19:17:29.190,0.698,-0.566,0.00,0.1,6.00,-1,-1,-0.1,2.50,0.00
2026-05-20 19:17:30.191,0.698,-0.566,0.00,0.1,6.00,-1,-1,-0.1,2.50,0.00
2026-05-20 19:17:31.192,0.698,-0.566,0.00,0.1,6.00,-1,-1,-0.1,2.50,0.00
2026-05-20 19:17:32.193,0.698,-0.566,0.00,0.1,6.00,-1,-1,-0.1,2.50,0.00
2026-05-20 19:17:33.195,0.698,-0.577,0.00,0.1,6.00,-1,-1,-0.1,2.50,0.00
2026-05-20 19:17:34.195,0.698,-0.582,0.00,0.1,6.00,-1,-1,-0.1,2.50,0.00
2026-05-20 19:17:35.196,0.698,-0.588,0.00,0.1,6.00,-1,-1,-0.1,2.50,0.00
2026-05-20 19:17:36.197,0.703,-0.588,0.00,0.1,6.00,-1,-1,-0.1,2.50,0.00
2026-05-20 19:17:37.198,0.703,-0.593,0.00,0.1,6.00,-1,-1,-0.1,2.50,0.00
2026-05-20 19:17:38.199,0.703,-0.588,0.00,0.1,6.00,-1,-1,-0.1,2.50,0.00
2026-05-20 19:17:39.200,0.698,-0.582,0.00,0.1,6.00,-1,-1,-0.1,2.50,0.00
2026-05-20 19:17:40.201,0.698,-0.577,0.00,0.1,6.00,-1,-1,-0.1,2.50,0.00
2026-05-20 19:17:41.202,0.698,-0.577,0.00,0.1,6.00,-1,-1,-0.1,2.50,0.00
2026-05-20 19:17:42.203,0.698,-0.571,0.00,0.1,6.00,-1,-1,-0.1,2.50,0.00
2026-05-20 19:17:43.204,0.703,-0.571,0.00,0.1,6.00,-1,-1,-0.1,2.50,0.00
2026-05-20 19:17:44.205,0.703,-0.571,0.00,0.1,6.00,-1,-1,-0.1,2.50,0.00
2026-05-20 19:17:45.206,0.698,-0.571,0.00,0.1,6.00,-1,-1,-0.1,2.50,0.00
2026-05-20 19:17:46.207,0.703,-0.571,0.00,0.1,6.00,-1,-1,-0.1,2.50,0.00
2026-05-20 19:17:47.208,0.703,-0.571,0.00,0.1,6.00,-1,-1,-0.1,2.50,0.00
2026-05-20 19:17:48.209,0.698,-0.571,0.00,0.1,6.00,-1,-1,-0.1,2.50,0.00
2026-05-20 19:17:49.209,0.698,-0.571,0.00,0.1,6.00,-1,-1,-0.1,2.50,0.00
2026-05-20 19:17:50.211,0.698,-0.571,0.00,0.1,6.00,-1,-1,-0.1,2.50,0.00
2026-05-20 19:17:51.211,0.698,-0.560,0.00,0.1,6.00,-1,-1,-0.1,2.50,0.00
2026-05-20 19:17:52.212,0.698,-0.566,0.00,0.1,6.00,-1,-1,-0.1,2.50,0.00
2026-05-20 19:17:53.213,0.698,-0.566,0.00,0.1,6.00,-1,-1,-0.1,2.50,0.00
2026-05-20 19:17:54.214,0.698,-0.560,0.00,0.1,6.00,-1,-1,-0.1,2.50,0.00
2026-05-20 19:17:55.215,0.698,-0.560,0.00,0.1,6.00,-1,-1,-0.1,2.50,0.00
2026-05-20 19:17:56.216,0.698,-0.560,0.00,0.1,6.00,-1,-1,-0.1,2.50,0.00
2026-05-20 19:17:57.216,0.698,-0.560,0.00,0.1,6.00,-1,-1,-0.1,2.50,0.00
2026-05-20 19:17:58.218,0.698,-0.560,0.00,0.1,6.00,-1,-1,-0.1,2.50,0.00
2026-05-20 19:17:59.219,0.698,-0.560,0.00,0.1,6.00,-1,-1,-0.1,2.50,0.00
2026-05-20 19:18:00.220,0.698,-0.560,0.00,0.1,6.00,-1,-1,-0.1,2.50,0.00
2026-05-20 19:18:01.221,0.698,-0.560,0.00,0.1,6.00,-1,-1,-0.1,2.50,0.00
2026-05-20 19:18:02.222,0.698,-0.560,0.00,0.1,6.00,-1,-1,-0.1,2.50,0.00
2026-05-20 19:18:03.223,0.698,-0.555,0.00,0.1,6.00,-1,-1,-0.1,2.50,0.00
2026-05-20 19:18:04.224,0.698,-0.555,0.00,0.1,6.00,-1,-1,-0.1,2.50,0.00
2026-05-20 19:18:05.225,0.698,-0.555,0.00,0.1,6.00,-1,-1,-0.1,2.50,0.00
